county,sub_county,admin_area,pop_total,pop_male,pop_female,mpo_total,mpo_total_perc,mpo_male,mpo_male_perc,mpo_female,mpo_female_perc,uo_i_total,uo_i_total_perc,uo_i_male,uo_i_male_perc,uo_i_female,uo_i_female_perc,uo_dlt_total,uo_dlt_total_perc,uo_dlt_male,uo_dlt_male_perc,uo_dlt_female,uo_dlt_female_perc
Xxx,KENYA,National,43739906,21574077,22164531,20694315,47.3,10268651,47.6,10425040,47,9869962,22.6,5408981,25.1,4460639,20.1,4527254,10.4,2529413,11.7,1997664,9
Xxx,RURAL*,Rural-Urban,30253081,14939183,15313145,12249934,40.5,6073556,40.7,6176120,40.3,4139595,13.7,2404991,16.1,1734502,11.3,1614287,5.3,937948,6.3,676295,4.4
Xxx,URBAN*,Rural-Urban,13486825,6634894,6851386,8444381,62.6,4195095,63.2,4248920,62,5730367,42.5,3003990,45.3,2726137,39.8,2912967,21.6,1591465,24,1321369,19.3
Mombasa,MOMBASA,County,1100173,552476,547681,679402,61.8,353192,63.9,326200,59.6,431327,39.2,232526,42.1,198792,36.3,184713,16.8,104805,19,79904,14.6
Mombasa,CHANGAMWE,SubCounty,121334,63184,58150,79248,65.3,42684,67.6,36564,62.9,48368,39.9,27252,43.1,21116,36.3,18986,15.6,11455,18.1,7531,13
Mombasa,JOMVU,SubCounty,149699,75931,73765,88469,59.1,46928,61.8,41539,56.3,48246,32.2,27583,36.3,20662,28,19386,12.9,11739,15.5,7646,10.4
Mombasa,KISAUNI,SubCounty,263742,131351,132388,154731,58.7,80185,61,74544,56.3,93781,35.6,50503,38.4,43275,32.7,40374,15.3,22737,17.3,17636,13.3
Mombasa,LIKONI,SubCounty,228472,115784,112685,134590,58.9,72030,62.2,62559,55.5,75298,33,43018,37.2,32279,28.6,27252,11.9,16461,14.2,10791,9.6
Mombasa,MVITA,SubCounty,138927,66589,72336,92190,66.4,44154,66.3,48036,66.4,76664,55.2,37260,56,39404,54.5,35671,25.7,18957,28.5,16714,23.1
Mombasa,NYALI,SubCounty,197999,99637,98357,130174,65.7,67211,67.5,62958,64,88970,44.9,46910,47.1,42056,42.8,43044,21.7,23456,23.5,19586,19.9
Kwale,KWALE,County,783189,382538,400636,287765,36.7,151386,39.6,136374,34,97240,12.4,57487,15,39749,9.9,35746,4.6,21196,5.5,14547,3.6
Kwale,KINANGO,SubCounty,84534,40445,44088,24431,28.9,12455,30.8,11976,27.2,5279,6.2,3195,7.9,2084,4.7,2240,2.6,1372,3.4,868,2
Kwale,LUNGALUNGA,SubCounty,180056,87893,92161,54913,30.5,29413,33.5,25500,27.7,12948,7.2,8218,9.4,4730,5.1,4324,2.4,2715,3.1,1609,1.7
Kwale,MATUGA,SubCounty,177675,87377,90296,70107,39.5,36575,41.9,33531,37.1,23507,13.2,13660,15.6,9847,10.9,7769,4.4,4609,5.3,3160,3.5
Kwale,MSAMBWENI,SubCounty,159936,80181,79752,80641,50.4,42969,53.6,37670,47.2,40774,25.5,23161,28.9,17610,22.1,16176,10.1,9245,11.5,6928,8.7
Kwale,SAMBURU-KWALE,SubCounty,180988,86642,94339,57673,31.9,29974,34.6,27697,29.4,14732,8.1,9253,10.7,5478,5.8,5237,2.9,3255,3.8,1982,2.1
Kilifi,KILIFI,County,1323664,636891,686754,520866,39.4,268321,42.1,252540,36.8,200190,15.1,118420,18.6,81770,11.9,87064,6.6,50667,8,36397,5.3
Kilifi,CHONYI,SubCounty,57246,26917,30328,17874,31.2,8923,33.2,8951,29.5,3965,6.9,2642,9.8,1323,4.4,1419,2.5,916,3.4,503,1.7
Kilifi,GANZE,SubCounty,131101,60552,70546,39293,30,18317,30.3,20976,29.7,8884,6.8,5497,9.1,3387,4.8,4319,3.3,2597,4.3,1722,2.4
Kilifi,KALOLENI,SubCounty,176734,83996,92733,62072,35.1,31581,37.6,30491,32.9,20300,11.5,12198,14.5,8102,8.7,9086,5.1,5455,6.5,3631,3.9
Kilifi,KAUMA,SubCounty,20821,10054,10767,6666,32,3492,34.7,3174,29.5,1289,6.2,846,8.4,443,4.1,462,2.2,293,2.9,169,1.6
Kilifi,KILIFI NORTH,SubCounty,162990,78763,84225,72985,44.8,37368,47.4,35617,42.3,32694,20.1,19053,24.2,13641,16.2,16090,9.9,9274,11.8,6816,8.1
Kilifi,KILIFI SOUTH,SubCounty,187663,91863,95799,90113,48,46750,50.9,43362,45.3,41751,22.2,23511,25.6,18240,19,17051,9.1,9659,10.5,7392,7.7
Kilifi,MAGARINI,SubCounty,174553,84429,90124,53914,30.9,28957,34.3,24957,27.7,14916,8.5,9722,11.5,5194,5.8,6580,3.8,4032,4.8,2548,2.8
Kilifi,MALINDI,SubCounty,301205,146545,154653,134437,44.6,69612,47.5,64821,41.9,62682,20.8,36360,24.8,26322,17,26991,9,15364,10.5,11627,7.5
Kilifi,RABAI,SubCounty,111351,53772,57579,43512,39.1,23321,43.4,20191,35.1,13709,12.3,8591,16,5118,8.9,5066,4.5,3077,5.7,1989,3.5
Tana River,TANA RIVER,County,284605,142087,142516,90043,31.6,50282,35.4,39761,27.9,25256,8.9,16523,11.6,8733,6.1,8985,3.2,5689,4,3296,2.3
Tana River,TANA DELTA,SubCounty,99792,50066,49726,30558,30.6,17206,34.4,13352,26.9,8398,8.4,5557,11.1,2841,5.7,3055,3.1,1945,3.9,1110,2.2
Tana River,TANA NORTH,SubCounty,105495,53199,52294,34954,33.1,19076,35.9,15878,30.4,8825,8.4,5795,10.9,3030,5.8,2153,2,1359,2.6,794,1.5
Tana River,TANA RIVER,SubCounty,79318,38822,40496,24531,30.9,14000,36.1,10531,26,8033,10.1,5171,13.3,2862,7.1,3777,4.8,2385,6.1,1392,3.4
Lamu,LAMU,County,130991,69111,61877,59256,45.2,33849,49,25406,41.1,25473,19.4,16171,23.4,9301,15,8101,6.2,5276,7.6,2825,4.6
Lamu,LAMU EAST,SubCounty,20637,10805,9832,7913,38.3,4616,42.7,3297,33.5,3385,16.4,2232,20.7,1153,11.7,844,4.1,633,5.9,211,2.1
Lamu,LAMU WEST,SubCounty,110354,58306,52045,51343,46.5,29233,50.1,22109,42.5,22088,20,13939,23.9,8148,15.7,7257,6.6,4643,8,2614,5
Taita Taveta,TAITA/TAVETA,County,312593,158230,154357,171763,54.9,88074,55.7,83685,54.2,74588,23.9,42034,26.6,32553,21.1,29983,9.6,17099,10.8,12884,8.3
Taita Taveta,MWATATE,SubCounty,76078,38672,37404,41998,55.2,21648,56,20350,54.4,15742,20.7,9222,23.8,6520,17.4,5994,7.9,3467,9,2527,6.8
Taita Taveta,TAITA,SubCounty,52345,26495,25850,29374,56.1,14950,56.4,14424,55.8,11713,22.4,6617,25,5096,19.7,4999,9.6,2793,10.5,2206,8.5
Taita Taveta,TAVETA,SubCounty,82789,42548,40241,41736,50.4,21994,51.7,19742,49.1,17693,21.4,10116,23.8,7577,18.8,6875,8.3,4015,9.4,2860,7.1
Taita Taveta,VOI,SubCounty,101381,50515,50862,58655,57.9,29482,58.4,29169,57.3,29440,29,16079,31.8,13360,26.3,12115,11.9,6824,13.5,5291,10.4
Garissa,GARISSA,County,778006,425411,352563,235692,30.3,125700,29.5,109984,31.2,94786,12.2,56148,13.2,38634,11,35766,4.6,22310,5.2,13453,3.8
Garissa,BALAMBALA,SubCounty,30885,19392,11492,7045,22.8,4328,22.3,2717,23.6,2737,8.9,1845,9.5,891,7.8,1135,3.7,724,3.7,411,3.6
Garissa,DADAAB,SubCounty,171529,91581,79942,46627,27.2,24379,26.6,22246,27.8,17569,10.2,10186,11.1,7382,9.2,6285,3.7,3775,4.1,2509,3.1
Garissa,FAFI,SubCounty,123861,67143,56708,27445,22.2,14751,22,12692,22.4,9641,7.8,5633,8.4,4008,7.1,2660,2.1,1582,2.4,1078,1.9
Garissa,GARISSA,SubCounty,148891,75234,73652,60270,40.5,29841,39.7,30427,41.3,28763,19.3,16129,21.4,12632,17.2,9552,6.4,5857,7.8,3694,5
Garissa,HULUGHO,SubCounty,124947,73417,51525,44304,35.5,25250,34.4,19053,37,15747,12.6,10002,13.6,5745,11.1,7114,5.7,4631,6.3,2483,4.8
Garissa,IJARA,SubCounty,131571,75484,56083,36814,28,20397,27,16417,29.3,17596,13.4,10924,14.5,6672,11.9,7743,5.9,5054,6.7,2689,4.8
Garissa,LAGDERA,SubCounty,46322,23160,23161,13187,28.5,6754,29.2,6432,27.8,2733,5.9,1429,6.2,1304,5.6,1277,2.8,687,3,589,2.5
Wajir,WAJIR,County,711571,379557,331969,198693,27.9,105559,27.8,93128,28.1,58976,8.3,35013,9.2,23958,7.2,20745,2.9,12632,3.3,8108,2.4
Wajir,BUNA,SubCounty,44083,23847,20234,9894,22.4,5300,22.2,4594,22.7,2526,5.7,1483,6.2,1043,5.2,940,2.1,570,2.4,370,1.8
Wajir,ELDAS,SubCounty,82187,41866,40314,21286,25.9,11302,27,9982,24.8,7299,8.9,4133,9.9,3165,7.9,3181,3.9,1865,4.5,1314,3.3
Wajir,HABASWEIN,SubCounty,158790,86244,72531,55778,35.1,29614,34.3,26164,36.1,15607,9.8,9328,10.8,6277,8.7,4956,3.1,3111,3.6,1844,2.5
Wajir,TARBAJ,SubCounty,50653,24262,26386,9359,18.5,4710,19.4,4649,17.6,1954,3.9,1113,4.6,841,3.2,788,1.6,460,1.9,328,1.2
Wajir,WAJIR EAST,SubCounty,101247,54136,47109,33610,33.2,17987,33.2,15622,33.2,13681,13.5,8358,15.4,5322,11.3,5076,5,3166,5.8,1909,4.1
Wajir,WAJIR NORTH,SubCounty,55799,28905,26888,14282,25.6,7446,25.8,6835,25.4,4029,7.2,2357,8.2,1671,6.2,1307,2.3,768,2.7,538,2
Wajir,WAJIR SOUTH,SubCounty,107634,60030,47602,30221,28.1,16533,27.5,13688,28.8,7479,6.9,4389,7.3,3090,6.5,2037,1.9,1227,2,810,1.7
Wajir,WAJIR WEST,SubCounty,111178,60267,50905,24263,21.8,12667,21,11594,22.8,6401,5.8,3852,6.4,2549,5,2460,2.2,1465,2.4,995,2
Mandera,MANDERA,County,775085,391182,383873,196119,25.3,98094,25.1,98018,25.5,60710,7.8,34564,8.8,26142,6.8,21044,2.7,12207,3.1,8833,2.3
Mandera,MANDERA WEST,SubCounty,86713,42666,44045,18341,21.2,8963,21,9378,21.3,5246,6,2954,6.9,2292,5.2,2100,2.4,1189,2.8,911,2.1
Mandera,BANISA,SubCounty,135664,70366,65291,27866,20.5,14124,20.1,13741,21,7283,5.4,4169,5.9,3113,4.8,2557,1.9,1498,2.1,1059,1.6
Mandera,KOTULO,SubCounty,63722,31894,31826,18955,29.7,9601,30.1,9352,29.4,5182,8.1,2863,9,2317,7.3,2568,4,1435,4.5,1131,3.6
Mandera,LAFEY,SubCounty,74593,36424,38164,19447,26.1,9564,26.3,9883,25.9,5873,7.9,3113,8.5,2760,7.2,2583,3.5,1313,3.6,1270,3.3
Mandera,MANDERA CENTRAL,SubCounty,140725,64682,76039,38536,27.4,18360,28.4,20175,26.5,14099,10,7466,11.5,6633,8.7,4509,3.2,2436,3.8,2073,2.7
Mandera,MANDERA EAST,SubCounty,144168,75335,68829,46607,32.3,23984,31.8,22620,32.9,16132,11.2,9938,13.2,6193,9,4733,3.3,3143,4.2,1588,2.3
Mandera,MANDERA NORTH,SubCounty,129500,69815,59679,26367,20.4,13498,19.3,12869,21.6,6895,5.3,4061,5.8,2834,4.7,1994,1.5,1193,1.7,801,1.3
Marsabit,MARSABIT,County,409629,215220,194392,118593,29,62775,29.2,55815,28.7,34149,8.3,21250,9.9,12898,6.6,12435,3,8050,3.7,4384,2.3
Marsabit,LOIYANGALANI,SubCounty,31574,15401,16171,7210,22.8,3531,22.9,3678,22.7,1468,4.6,933,6.1,535,3.3,559,1.8,363,2.4,196,1.2
Marsabit,MARSABIT CENTRAL,SubCounty,71619,36892,34716,27841,38.9,14913,40.4,12928,37.2,11293,15.8,6781,18.4,4512,13,4452,6.2,2800,7.6,1652,4.8
Marsabit,MARSABIT NORTH,SubCounty,45650,24849,20800,15360,33.6,8352,33.6,7008,33.7,2543,5.6,1575,6.3,968,4.7,815,1.8,553,2.2,262,1.3
Marsabit,MARSABIT SOUTH,SubCounty,59493,30146,29347,14936,25.1,7268,24.1,7668,26.1,3417,5.7,2118,7,1299,4.4,1215,2,811,2.7,404,1.4
Marsabit,MOYALE,SubCounty,97766,50613,47152,30148,30.8,15904,31.4,14243,30.2,9977,10.2,6295,12.4,3682,7.8,3294,3.4,2099,4.1,1195,2.5
Marsabit,NORTH HORR,SubCounty,62863,35980,26881,14025,22.3,7842,21.8,6182,23,3071,4.9,1983,5.5,1087,4,1307,2.1,882,2.5,424,1.6
Marsabit,SOLOLO,SubCounty,40664,21339,19325,9073,22.3,4965,23.3,4108,21.3,2380,5.9,1565,7.3,815,4.2,793,2,542,2.5,251,1.3
Isiolo,ISIOLO,County,245462,128141,117317,93772,38.2,49650,38.7,44122,37.6,34780,14.2,20665,16.1,14114,12,12860,5.2,8036,6.3,4824,4.1
Isiolo,GARBATULLA,SubCounty,92227,50808,41418,28619,31,15983,31.5,12636,30.5,7781,8.4,4844,9.5,2936,7.1,2537,2.8,1551,3.1,986,2.4
Isiolo,ISIOLO,SubCounty,110631,55148,55483,51064,46.2,26035,47.2,25029,45.1,24135,21.8,13964,25.3,10171,18.3,9383,8.5,5873,10.6,3510,6.3
Isiolo,MERTI,SubCounty,42604,22185,20416,14089,33.1,7632,34.4,6457,31.6,2864,6.7,1857,8.4,1007,4.9,940,2.2,612,2.8,328,1.6
Meru,MERU,County,1436400,711224,725139,723173,50.3,364131,51.2,359025,49.5,277161,19.3,152727,21.5,124427,17.2,102691,7.1,56339,7.9,46347,6.4
Meru,BUURI EAST,SubCounty,71784,35691,36093,42922,59.8,21216,59.4,21706,60.1,15420,21.5,8403,23.5,7017,19.4,6132,8.5,3296,9.2,2836,7.9
Meru,BUURI WEST,SubCounty,75344,37726,37616,45598,60.5,22927,60.8,22669,60.3,18801,25,10704,28.4,8096,21.5,6008,8,3423,9.1,2585,6.9
Meru,IGEMBE CENTRAL,SubCounty,204412,102059,102349,86229,42.2,45004,44.1,41224,40.3,30624,15,17977,17.6,12646,12.4,7607,3.7,4239,4.2,3367,3.3
Meru,IGEMBE NORTH,SubCounty,156536,76912,79620,59260,37.9,30937,40.2,28322,35.6,21500,13.7,12648,16.4,8852,11.1,6231,4,3517,4.6,2713,3.4
Meru,IGEMBE SOUTH,SubCounty,149522,74030,75484,68964,46.1,35519,48,33443,44.3,24765,16.6,13519,18.3,11246,14.9,7657,5.1,4202,5.7,3455,4.6
Meru,IMENTI NORTH,SubCounty,162829,80497,82328,104428,64.1,51268,63.7,53157,64.6,55301,34,28704,35.7,26594,32.3,26579,16.3,14075,17.5,12503,15.2
Meru,IMENTI SOUTH,SubCounty,193742,96744,96993,114730,59.2,57067,59,57659,59.4,44896,23.2,23908,24.7,20987,21.6,17772,9.2,9525,9.8,8246,8.5
Meru,MERU CENTRAL,SubCounty,125670,62757,62910,71605,57,35980,57.3,35623,56.6,25495,20.3,14042,22.4,11453,18.2,10038,8,5468,8.7,4570,7.3
Meru,TIGANIA CENTRAL,SubCounty,97405,48073,49332,39876,40.9,20704,43.1,19172,38.9,11279,11.6,6518,13.6,4761,9.7,3957,4.1,2266,4.7,1691,3.4
Meru,TIGANIA EAST,SubCounty,67622,32914,34705,27824,41.1,13628,41.4,14196,40.9,9323,13.8,5258,16,4065,11.7,3143,4.6,1868,5.7,1275,3.7
Meru,TIGANIA WEST,SubCounty,130798,63209,67585,61200,46.8,29433,46.6,31765,47,19485,14.9,10827,17.1,8657,12.8,7495,5.7,4406,7,3088,4.6
Meru,MERU NATIONAL PARK,SubCounty,294,219,75,251,85.4,197,90,54,72,214,72.8,172,78.5,42,56,51,17.3,38,17.4,13,17.3
Meru,MT. KENYA FOREST,SubCounty,442,393,49,286,64.7,251,63.9,35,71.4,58,13.1,47,12,11,22.4,21,4.8,16,4.1,5,10.2
Tharaka-nithi,THARAKA-NITHI,County,367574,180692,186875,188394,51.3,93265,51.6,95125,50.9,69154,18.8,36971,20.5,32180,17.2,29987,8.2,16260,9,13727,7.3
Tharaka-nithi,IGAMBANG'OMBE,SubCounty,49368,24367,25000,23138,46.9,11566,47.5,11571,46.3,6112,12.4,3457,14.2,2654,10.6,2152,4.4,1217,5,935,3.7
Tharaka-nithi,MAARA,SubCounty,108517,54491,54026,62921,58,31246,57.3,31675,58.6,24682,22.7,12842,23.6,11840,21.9,9977,9.2,5274,9.7,4703,8.7
Tharaka-nithi,MERU SOUTH,SubCounty,85236,41988,43246,51994,61,25381,60.4,26612,61.5,23125,27.1,12006,28.6,11118,25.7,11605,13.6,6199,14.8,5406,12.5
Tharaka-nithi,THARAKA NORTH,SubCounty,54321,26290,28029,20006,36.8,10344,39.3,9661,34.5,5073,9.3,3013,11.5,2060,7.3,1707,3.1,1013,3.9,694,2.5
Tharaka-nithi,THARAKA SOUTH,SubCounty,69972,33482,36488,30200,43.2,14668,43.8,15531,42.6,10053,14.4,5610,16.8,4442,12.2,4486,6.4,2532,7.6,1954,5.4
Tharaka-nithi,MT. KENYA FOREST,SubCounty,160,74,86,135,84.4,60,81.1,75,87.2,109,68.1,43,58.1,66,76.7,60,37.5,25,33.8,35,40.7
Embu,EMBU,County,568228,283024,285182,323700,57,159715,56.4,163970,57.5,125572,22.1,66829,23.6,58737,20.6,53649,9.4,28913,10.2,24733,8.7
Embu,EMBU EAST,SubCounty,122079,60807,61270,70942,58.1,34622,56.9,36318,59.3,25056,20.5,13406,22,11650,19,10935,9,5940,9.8,4995,8.2
Embu,EMBU NORTH,SubCounty,75194,37443,37748,44732,59.5,21931,58.6,22799,60.4,16268,21.6,8939,23.9,7329,19.4,7232,9.6,4045,10.8,3187,8.4
Embu,EMBU WEST,SubCounty,116797,57297,59491,76974,65.9,37269,65,39697,66.7,40813,34.9,20467,35.7,20340,34.2,20627,17.7,10684,18.6,9940,16.7
Embu,MBEERE SOUTH,SubCounty,152697,77699,74993,80789,52.9,41124,52.9,39662,52.9,27340,17.9,15139,19.5,12201,16.3,8782,5.8,4872,6.3,3910,5.2
Embu,MBEERE NORTH,SubCounty,101440,49760,51677,50242,49.5,24751,49.7,25491,49.3,16080,15.9,8865,17.8,7215,14,6066,6,3367,6.8,2699,5.2
Embu,MT. KENYA FOREST,SubCounty,21,18,3,21,100,18,100,3,100,15,71.4,13,72.2,2,66.7,7,33.3,5,27.8,2,66.7
Kitui,KITUI,County,1056907,508247,548634,452948,42.9,210760,41.5,242178,44.1,143340,13.6,76701,15.1,66636,12.1,51579,4.9,28643,5.6,22934,4.2
Kitui,IKUTHA,SubCounty,77563,37282,40281,28363,36.6,13056,35,15307,38,7569,9.8,4211,11.3,3358,8.3,2527,3.3,1446,3.9,1081,2.7
Kitui,KATULANI,SubCounty,44328,21770,22557,21392,48.3,10100,46.4,11291,50.1,6951,15.7,3691,17,3260,14.5,2418,5.5,1349,6.2,1069,4.7
Kitui,KISASI,SubCounty,43226,21140,22086,18824,43.5,8707,41.2,10117,45.8,5124,11.9,2767,13.1,2357,10.7,1409,3.3,811,3.8,598,2.7
Kitui,KITUI CENTRAL,SubCounty,97406,47435,49968,53137,54.6,25179,53.1,27955,55.9,24129,24.8,12224,25.8,11905,23.8,10163,10.4,5350,11.3,4813,9.6
Kitui,KITUI WEST,SubCounty,66202,31558,34643,32561,49.2,14822,47,17739,51.2,11587,17.5,6010,19,5577,16.1,4063,6.1,2236,7.1,1827,5.3
Kitui,KYUSO,SubCounty,71052,33864,37187,27089,38.1,12630,37.3,14459,38.9,6949,9.8,3894,11.5,3055,8.2,2443,3.4,1385,4.1,1058,2.8
Kitui,LOWER YATTA,SubCounty,59184,29535,29649,27203,46,13333,45.1,13870,46.8,8568,14.5,4804,16.3,3764,12.7,2816,4.8,1631,5.5,1185,4
Kitui,MATINYANI,SubCounty,44779,21869,22909,21678,48.4,10140,46.4,11538,50.4,7011,15.7,3807,17.4,3204,14,2454,5.5,1381,6.3,1073,4.7
Kitui,MIGWANI,SubCounty,73803,34807,38993,35851,48.6,16067,46.2,19782,50.7,11547,15.6,6105,17.5,5441,14,4047,5.5,2217,6.4,1829,4.7
Kitui,MUMONI,SubCounty,27319,12732,14587,10778,39.5,4910,38.6,5868,40.2,3126,11.4,1711,13.4,1415,9.7,960,3.5,570,4.5,390,2.7
Kitui,MUTITU,SubCounty,51464,24422,27040,17394,33.8,7976,32.7,9418,34.8,4526,8.8,2476,10.1,2050,7.6,1597,3.1,881,3.6,716,2.6
Kitui,MUTITU NORTH,SubCounty,19815,9620,10194,8288,41.8,3832,39.8,4456,43.7,2171,11,1152,12,1019,10,817,4.1,465,4.8,352,3.5
Kitui,MUTOMO,SubCounty,105422,50656,54761,36746,34.9,17104,33.8,19640,35.9,10975,10.4,5925,11.7,5049,9.2,3986,3.8,2284,4.5,1702,3.1
Kitui,MWINGI CENTRAL,SubCounty,100501,48132,52369,46029,45.8,21262,44.2,24767,47.3,15197,15.1,7951,16.5,7246,13.8,5672,5.6,3089,6.4,2583,4.9
Kitui,MWINGI EAST,SubCounty,79205,37382,41818,29666,37.5,13296,35.6,16368,39.1,7304,9.2,4005,10.7,3298,7.9,2323,2.9,1325,3.5,997,2.4
Kitui,NZAMBANI,SubCounty,43682,21356,22324,19950,45.7,9479,44.4,10471,46.9,6313,14.5,3419,16,2894,13,2337,5.4,1299,6.1,1038,4.6
Kitui,THAGICU,SubCounty,14025,6591,7433,4857,34.6,2407,36.5,2450,33,1127,8,683,10.4,444,6,450,3.2,261,4,189,2.5
Kitui,TSEIKURU,SubCounty,37931,18096,19835,13142,34.6,6460,35.7,6682,33.7,3166,8.3,1866,10.3,1300,6.6,1097,2.9,663,3.7,434,2.2
Machakos,MACHAKOS,County,1327172,661982,665162,748673,56.4,366764,55.4,381894,57.4,342005,25.8,181709,27.4,160291,24.1,156435,11.8,85368,12.9,71065,10.7
Machakos,ATHI RIVER,SubCounty,295790,150511,145277,204354,69.1,105551,70.1,98802,68,142746,48.3,75434,50.1,67312,46.3,77316,26.1,41515,27.6,35801,24.6
Machakos,KALAMA,SubCounty,51542,25273,26264,26890,52.2,12743,50.4,14144,53.9,8266,16,4512,17.9,3754,14.3,2754,5.3,1578,6.2,1176,4.5
Machakos,KANGUNDO,SubCounty,92505,45935,46569,48955,52.9,23248,50.6,25706,55.2,15904,17.2,8680,18.9,7224,15.5,6212,6.7,3534,7.7,2678,5.8
Machakos,KATHIANI,SubCounty,105562,51709,53849,52849,50.1,24824,48,28023,52,15883,15,8847,17.1,7035,13.1,6570,6.2,3750,7.3,2820,5.2
Machakos,MACHAKOS,SubCounty,158036,78763,79267,97746,61.9,47906,60.8,49837,62.9,49485,31.3,25554,32.4,23930,30.2,22269,14.1,11932,15.1,10336,13
Machakos,MASINGA,SubCounty,138933,68657,70274,66702,48,31700,46.2,35001,49.8,20200,14.5,10905,15.9,9294,13.2,6955,5,3957,5.8,2997,4.3
Machakos,MATUNGULU,SubCounty,151535,76123,75408,81182,53.6,39864,52.4,41316,54.8,32446,21.4,17059,22.4,15386,20.4,13898,9.2,7659,10.1,6239,8.3
Machakos,MWALA,SubCounty,171999,85399,86597,88158,51.3,41675,48.8,46482,53.7,29042,16.9,15561,18.2,13481,15.6,10350,6,5828,6.8,4522,5.2
Machakos,YATTA,SubCounty,161270,79612,81657,81837,50.7,39253,49.3,42583,52.1,28033,17.4,15157,19,12875,15.8,10111,6.3,5615,7.1,4496,5.5
Makueni,MAKUENI,County,921168,453946,467204,451528,49,217271,47.9,234251,50.1,148699,16.1,81851,18,66845,14.3,56473,6.1,32092,7.1,24380,5.2
Makueni,KATHONZWENI,SubCounty,74893,36846,38044,36271,48.4,17312,47,18957,49.8,10686,14.3,5965,16.2,4721,12.4,3722,5,2118,5.7,1604,4.2
Makueni,KIBWEZI,SubCounty,182688,90350,92334,83492,45.7,40466,44.8,43024,46.6,26340,14.4,14721,16.3,11617,12.6,10102,5.5,5862,6.5,4239,4.6
Makueni,KILUNGU,SubCounty,57412,27241,30170,26387,46,12116,44.5,14271,47.3,8301,14.5,4589,16.8,3712,12.3,2931,5.1,1701,6.2,1230,4.1
Makueni,MAKINDU,SubCounty,78427,38462,39965,38603,49.2,18435,47.9,20168,50.5,12925,16.5,6926,18,5999,15,5199,6.6,2859,7.4,2340,5.9
Makueni,MAKUENI,SubCounty,121484,60589,60893,66350,54.6,32712,54,33638,55.2,27646,22.8,14765,24.4,12881,21.2,11563,9.5,6330,10.4,5233,8.6
Makueni,MBOONI EAST,SubCounty,92210,45311,46896,45517,49.4,21318,47,24199,51.6,13449,14.6,7367,16.3,6082,13,4609,5,2624,5.8,1985,4.2
Makueni,MBOONI WEST,SubCounty,96464,46405,50058,45536,47.2,20880,45,24655,49.3,12795,13.3,7152,15.4,5642,11.3,4835,5,2774,6,2061,4.1
Makueni,MUKAA,SubCounty,100143,50574,49569,52311,52.2,26394,52.2,25917,52.3,17156,17.1,9624,19,7532,15.2,6558,6.5,3778,7.5,2780,5.6
Makueni,NZAUI,SubCounty,117447,58168,59275,57061,48.6,27638,47.5,29422,49.6,19401,16.5,10742,18.5,8659,14.6,6954,5.9,4046,7,2908,4.9
Nyandarua,NYANDARUA,County,594649,292917,301715,327013,55,158844,54.2,168160,55.7,122388,20.6,69255,23.6,53132,17.6,45701,7.7,25730,8.8,19970,6.6
Nyandarua,KINANGOP,SubCounty,103793,50836,52953,56632,54.6,27314,53.7,29315,55.4,21049,20.3,11840,23.3,9209,17.4,6258,6,3553,7,2705,5.1
Nyandarua,NYANDARUA SOUTH,SubCounty,87189,42802,44384,48101,55.2,23287,54.4,24811,55.9,18840,21.6,10564,24.7,8275,18.6,6918,7.9,3871,9,3047,6.9
Nyandarua,MIRANGINE,SubCounty,62731,31220,31510,32150,51.3,15958,51.1,16192,51.4,10329,16.5,6070,19.4,4259,13.5,3533,5.6,1995,6.4,1538,4.9
Nyandarua,KIPIPIRI,SubCounty,87881,43161,44718,45878,52.2,22316,51.7,23561,52.7,13873,15.8,8260,19.1,5613,12.6,4958,5.6,2829,6.6,2129,4.8
Nyandarua,NYANDARUA CENTRAL,SubCounty,69596,34508,35087,39309,56.5,19249,55.8,20060,57.2,16715,24,9345,27.1,7370,21,6955,10,3838,11.1,3117,8.9
Nyandarua,NYANDARUA WEST,SubCounty,91217,45240,45973,52899,58,25734,56.9,27164,59.1,22172,24.3,12419,27.5,9753,21.2,9015,9.9,5201,11.5,3814,8.3
Nyandarua,NYANDARUA NORTH,SubCounty,92228,45140,47086,52030,56.4,24976,55.3,27053,57.5,19397,21,10748,23.8,8649,18.4,8058,8.7,4438,9.8,3619,7.7
Nyandarua,ABERDARE NATIONAL PARK,SubCounty,14,10,4,14,100,10,100,4,100,13,92.9,9,90,4,100,6,42.9,5,50,1,25
Nyeri,NYERI,County,709353,348266,361061,454881,64.1,220124,63.2,234736,65,211807,29.9,112479,32.3,99319,27.5,97427,13.7,52982,15.2,44443,12.3
Nyeri,TETU,SubCounty,75931,37083,38846,48081,63.3,23044,62.1,25035,64.4,19846,26.1,10663,28.8,9182,23.6,8515,11.2,4649,12.5,3866,10
Nyeri,KIENI EAST,SubCounty,102812,51442,51366,65100,63.3,32554,63.3,32542,63.4,30633,29.8,16703,32.5,13928,27.1,12721,12.4,6967,13.5,5754,11.2
Nyeri,KIENI WEST,SubCounty,82829,41026,41798,49810,60.1,24457,59.6,25348,60.6,18395,22.2,10330,25.2,8062,19.3,6655,8,3735,9.1,2920,7
Nyeri,MATHIRA EAST,SubCounty,93027,44995,48029,61687,66.3,29394,65.3,32290,67.2,30255,32.5,15678,34.8,14576,30.3,14589,15.7,7952,17.7,6637,13.8
Nyeri,MATHIRA WEST,SubCounty,56676,27860,28813,35719,63,17067,61.3,18649,64.7,13896,24.5,7333,26.3,6562,22.8,5599,9.9,3018,10.8,2581,9
Nyeri,NYERI SOUTH,SubCounty,85827,41443,44383,54067,63,25610,61.8,28457,64.1,22260,25.9,11843,28.6,10417,23.5,9472,11,5166,12.5,4306,9.7
Nyeri,MUKURWE-INI,SubCounty,83933,41386,42541,51594,61.5,24717,59.7,26873,63.2,19055,22.7,10313,24.9,8742,20.5,8529,10.2,4840,11.7,3689,8.7
Nyeri,NYERI CENTRAL,SubCounty,128041,62843,65196,88599,69.2,43125,68.6,45474,69.7,57316,44.8,29512,47,27803,42.6,31262,24.4,16599,26.4,14661,22.5
Nyeri,MT. KENYA FOREST,SubCounty,178,118,60,132,74.2,92,78,40,66.7,73,41,50,42.4,23,38.3,42,23.6,25,21.2,17,28.3
Nyeri,ABERDARE FOREST,SubCounty,99,70,29,92,92.9,64,91.4,28,96.6,78,78.8,54,77.1,24,82.8,43,43.4,31,44.3,12,41.4
Kirinyaga,KIRINYAGA,County,571312,281556,289729,350182,61.3,171114,60.8,179053,61.8,137563,24.1,73577,26.1,63977,22.1,55510,9.7,30794,10.9,24715,8.5
Kirinyaga,KIRINYAGA CENTRAL,SubCounty,114807,55919,58884,73218,63.8,35262,63.1,37954,64.5,32210,28.1,16912,30.2,15297,26,14786,12.9,7974,14.3,6812,11.6
Kirinyaga,KIRINYAGA EAST,SubCounty,127964,63267,64689,79263,61.9,38951,61.6,40306,62.3,28245,22.1,15600,24.7,12642,19.5,10917,8.5,6183,9.8,4734,7.3
Kirinyaga,KIRINYAGA WEST,SubCounty,107763,52630,55129,66314,61.5,31850,60.5,34463,62.5,26981,25,14332,27.2,12649,22.9,11750,10.9,6526,12.4,5224,9.5
Kirinyaga,MWEA EAST,SubCounty,122344,60740,61598,74416,60.8,36804,60.6,37608,61.1,30098,24.6,15721,25.9,14374,23.3,11147,9.1,6141,10.1,5005,8.1
Kirinyaga,MWEA WEST,SubCounty,98400,48976,49419,56940,57.9,28224,57.6,28714,58.1,20009,20.3,10996,22.5,9011,18.2,6901,7,3962,8.1,2939,5.9
Kirinyaga,MT. KENYA FOREST,SubCounty,34,24,10,31,91.2,23,95.8,8,80,20,58.8,16,66.7,4,40,9,26.5,8,33.3,1,10
Murang'a,MURANG'A,County,988224,488689,499505,567538,57.4,274225,56.1,293301,58.7,204760,20.7,111466,22.8,93286,18.7,80287,8.1,44903,9.2,35380,7.1
Murang'a,MURANG'A EAST,SubCounty,101606,49826,51779,62035,61.1,29618,59.4,32417,62.6,27922,27.5,14072,28.2,13850,26.7,13329,13.1,6933,13.9,6396,12.4
Murang'a,KANGEMA,SubCounty,75668,37165,38500,45821,60.6,21719,58.4,24101,62.6,15764,20.8,8583,23.1,7180,18.6,5854,7.7,3241,8.7,2611,6.8
Murang'a,MATHIOYA,SubCounty,87438,42738,44699,50686,58,23916,56,26770,59.9,15896,18.2,8626,20.2,7270,16.3,6196,7.1,3442,8.1,2754,6.2
Murang'a,KAHURO,SubCounty,83338,40864,42467,48925,58.7,23155,56.7,25767,60.7,15911,19.1,8631,21.1,7275,17.1,5486,6.6,3138,7.7,2346,5.5
Murang'a,MURANG'A SOUTH,SubCounty,172158,85252,86901,97115,56.4,47344,55.5,49768,57.3,36809,21.4,20103,23.6,16706,19.2,14629,8.5,8285,9.7,6344,7.3
Murang'a,GATANGA,SubCounty,175723,88134,87586,99119,56.4,49053,55.7,50064,57.2,37930,21.6,21157,24,16772,19.1,15445,8.8,8660,9.8,6785,7.7
Murang'a,KIGUMO,SubCounty,128481,63728,64750,72183,56.2,35047,55,37135,57.4,23144,18,13054,20.5,10089,15.6,8139,6.3,4779,7.5,3360,5.2
Murang'a,KANDARA,SubCounty,163770,80952,82811,91619,55.9,44347,54.8,47270,57.1,31359,19.1,17219,21.3,14140,17.1,11201,6.8,6419,7.9,4782,5.8
Murang'a,ABERDARE FOREST,SubCounty,42,30,12,35,83.3,26,86.7,9,75,25,59.5,21,70,4,33.3,8,19,6,20,2,16.7
Kiambu,KIAMBU,County,2231514,1092380,1139012,1473583,66,716399,65.6,757094,66.5,952268,42.7,486137,44.5,466080,40.9,486912,21.8,261359,23.9,225529,19.8
Kiambu,GATUNDU NORTH,SubCounty,102915,50634,52279,59090,57.4,28435,56.2,30653,58.6,22795,22.1,12306,24.3,10488,20.1,7491,7.3,4301,8.5,3190,6.1
Kiambu,GATUNDU SOUTH,SubCounty,114575,56630,57941,67388,58.8,32708,57.8,34678,59.9,26346,23,14104,24.9,12242,21.1,8851,7.7,4901,8.7,3950,6.8
Kiambu,GITHUNGURI,SubCounty,155046,76874,78164,94071,60.7,45966,59.8,48100,61.5,42369,27.3,22149,28.8,20218,25.9,16086,10.4,8839,11.5,7247,9.3
Kiambu,JUJA,SubCounty,277171,136491,140658,188618,68.1,92961,68.1,95637,68,133777,48.3,68981,50.5,64788,46.1,71054,25.6,39208,28.7,31842,22.6
Kiambu,KABETE,SubCounty,184688,90196,94478,126101,68.3,60993,67.6,65095,68.9,87230,47.2,44176,49,43047,45.6,46746,25.3,25118,27.8,21623,22.9
Kiambu,KIAMBAA,SubCounty,218165,106623,111530,147894,67.8,71868,67.4,76019,68.2,101132,46.4,50970,47.8,50160,45,51780,23.7,27063,25.4,24714,22.2
Kiambu,KIAMBU,SubCounty,133949,63471,70464,92466,69,43173,68,49283,69.9,67815,50.6,32488,51.2,35319,50.1,40193,30,20311,32,19881,28.2
Kiambu,KIKUYU,SubCounty,172833,83603,89226,118008,68.3,56334,67.4,61670,69.1,83951,48.6,41613,49.8,42336,47.4,49598,28.7,25598,30.6,23999,26.9
Kiambu,LARI,SubCounty,125884,62427,63454,72101,57.3,35597,57,36504,57.5,29719,23.6,16394,26.3,13325,21,10661,8.5,5999,9.6,4662,7.3
Kiambu,LIMURU,SubCounty,147004,73445,73559,91077,62,45490,61.9,45587,62,49957,34,26789,36.5,23168,31.5,22425,15.3,12384,16.9,10041,13.7
Kiambu,RUIRU,SubCounty,340681,165256,175406,238845,70.1,115925,70.1,122906,70.1,181536,53.3,92193,55.8,89333,50.9,97382,28.6,52725,31.9,44652,25.5
Kiambu,THIKA EAST,SubCounty,35971,18224,17743,21836,60.7,11114,61,10719,60.4,10688,29.7,5780,31.7,4905,27.6,4157,11.6,2305,12.6,1852,10.4
Kiambu,THIKA WEST,SubCounty,222632,108506,114110,156088,70.1,75835,69.9,80243,70.3,114953,51.6,58194,53.6,56751,49.7,60488,27.2,32607,30.1,27876,24.4
Turkana,TURKANA,County,851797,439467,412311,141432,16.6,79015,18,62417,15.1,58533,6.9,36920,8.4,21613,5.2,20541,2.4,13440,3.1,7101,1.7
Turkana,KIBISH,SubCounty,33611,17046,16564,1984,5.9,1114,6.5,870,5.3,890,2.6,591,3.5,299,1.8,310,0.9,216,1.3,94,0.6
Turkana,LOIMA,SubCounty,98183,49440,48743,10405,10.6,5991,12.1,4414,9.1,2901,3,1821,3.7,1080,2.2,1062,1.1,663,1.3,399,0.8
Turkana,TURKANA CENTRAL,SubCounty,166135,82906,83229,46066,27.7,25155,30.3,20911,25.1,19585,11.8,11961,14.4,7624,9.2,7633,4.6,4888,5.9,2745,3.3
Turkana,TURKANA EAST,SubCounty,130834,72914,57908,17271,13.2,9787,13.4,7484,12.9,7414,5.7,4754,6.5,2660,4.6,2839,2.2,1792,2.5,1047,1.8
Turkana,TURKANA NORTH,SubCounty,59378,29770,29608,7427,12.5,4280,14.4,3147,10.6,2038,3.4,1339,4.5,699,2.4,773,1.3,571,1.9,202,0.7
Turkana,TURKANA SOUTH,SubCounty,142538,72846,69688,26076,18.3,14437,19.8,11639,16.7,9280,6.5,5851,8,3429,4.9,3555,2.5,2300,3.2,1255,1.8
Turkana,TURKANA WEST,SubCounty,221118,114545,106571,32203,14.6,18251,15.9,13952,13.1,16425,7.4,10603,9.3,5822,5.5,4369,2,3010,2.6,1359,1.3
West Pokot,WEST POKOT,County,553584,272728,280844,116990,21.1,67674,24.8,49315,17.6,44864,8.1,28103,10.3,16761,6,16460,3,10064,3.7,6396,2.3
West Pokot,KIPKOMO,SubCounty,91581,45307,46268,20782,22.7,12001,26.5,8780,19,7394,8.1,4709,10.4,2685,5.8,2760,3,1660,3.7,1100,2.4
West Pokot,POKOT CENTRAL,SubCounty,106071,53164,52905,16135,15.2,10306,19.4,5829,11,4848,4.6,3260,6.1,1588,3,1543,1.5,1005,1.9,538,1
West Pokot,POKOT NORTH,SubCounty,118673,56999,61672,17472,14.7,10912,19.1,6560,10.6,5448,4.6,3570,6.3,1878,3,2100,1.8,1352,2.4,748,1.2
West Pokot,POKOT SOUTH,SubCounty,72458,35681,36775,18526,25.6,10205,28.6,8321,22.6,6461,8.9,4310,12.1,2151,5.8,1890,2.6,1222,3.4,668,1.8
West Pokot,WEST POKOT,SubCounty,164801,81577,83224,44075,26.7,24250,29.7,19825,23.8,20713,12.6,12254,15,8459,10.2,8167,5,4825,5.9,3342,4
Samburu,SAMBURU,County,279891,141072,138814,76156,27.2,39751,28.2,36404,26.2,27282,9.7,16768,11.9,10514,7.6,11516,4.1,7286,5.2,4230,3
Samburu,SAMBURU CENTRAL,SubCounty,149358,75738,73618,44521,29.8,23407,30.9,21113,28.7,17539,11.7,10635,14,6904,9.4,7519,5,4607,6.1,2912,4
Samburu,SAMBURU EAST,SubCounty,69944,34048,35896,18787,26.9,9676,28.4,9111,25.4,6268,9,3870,11.4,2398,6.7,2580,3.7,1664,4.9,916,2.6
Samburu,SAMBURU NORTH,SubCounty,60589,31286,29300,12848,21.2,6668,21.3,6180,21.1,3475,5.7,2263,7.2,1212,4.1,1417,2.3,1015,3.2,402,1.4
Trans Nzoia,TRANS NZOIA,County,911209,448487,462701,367752,40.4,184029,41,183716,39.7,154412,16.9,88098,19.6,66311,14.3,64667,7.1,37083,8.3,27583,6
Trans Nzoia,TRANS NZOIA WEST,SubCounty,184140,91254,92883,76724,41.7,39466,43.2,37257,40.1,34776,18.9,20148,22.1,14627,15.7,14441,7.8,8483,9.3,5958,6.4
Trans Nzoia,TRANS NZOIA EAST,SubCounty,212422,104721,107693,85493,40.2,42115,40.2,43376,40.3,33388,15.7,19164,18.3,14224,13.2,12132,5.7,6939,6.6,5193,4.8
Trans Nzoia,KWANZA,SubCounty,188466,92532,95931,73829,39.2,36704,39.7,37123,38.7,29556,15.7,16790,18.1,12765,13.3,11620,6.2,6763,7.3,4857,5.1
Trans Nzoia,ENDEBESS,SubCounty,102457,51455,50999,31396,30.6,17335,33.7,14061,27.6,9816,9.6,6474,12.6,3342,6.6,4019,3.9,2523,4.9,1496,2.9
Trans Nzoia,KIMININI,SubCounty,223724,108525,115195,100310,44.8,48409,44.6,51899,45.1,46876,21,25522,23.5,21353,18.5,22455,10,12375,11.4,10079,8.7
Uasin Gishu,UASIN GISHU,County,1070335,531769,538543,549746,51.4,274986,51.7,274746,51,299885,28,163826,30.8,136049,25.3,144382,13.5,78776,14.8,65601,12.2
Uasin Gishu,AINABKOI,SubCounty,127533,62850,64683,67016,52.5,33157,52.8,33859,52.3,38066,29.8,20320,32.3,17746,27.4,20316,15.9,10694,17,9622,14.9
Uasin Gishu,KAPSERET,SubCounty,182852,91412,91436,108149,59.1,54903,60.1,53243,58.2,67976,37.2,36693,40.1,31281,34.2,34483,18.9,18570,20.3,15912,17.4
Uasin Gishu,KESSES,SubCounty,137814,68811,69000,65210,47.3,32655,47.5,32553,47.2,30972,22.5,17493,25.4,13477,19.5,14226,10.3,7875,11.4,6350,9.2
Uasin Gishu,MOIBEN,SubCounty,165378,81639,83737,85679,51.8,42523,52.1,43155,51.5,48743,29.5,26212,32.1,22531,26.9,24837,15,13392,16.4,11445,13.7
Uasin Gishu,SOY,SubCounty,211662,105136,106521,96027,45.4,47995,45.7,48029,45.1,43783,20.7,24937,23.7,18843,17.7,19192,9.1,10847,10.3,8343,7.8
Uasin Gishu,TURBO,SubCounty,245096,121921,123166,127665,52.1,63753,52.3,63907,51.9,70345,28.7,38171,31.3,32171,26.1,31328,12.8,17398,14.3,13929,11.3
Elgeyo-marakwet,ELGEYO/MARAKWET,County,418765,209151,209602,157287,37.6,80892,38.7,76391,36.4,59627,14.2,35299,16.9,24326,11.6,22935,5.5,13147,6.3,9786,4.7
Elgeyo-marakwet,KEIYO NORTH,SubCounty,91430,45566,45863,38134,41.7,19471,42.7,18663,40.7,17270,18.9,9822,21.6,7448,16.2,7684,8.4,4235,9.3,3449,7.5
Elgeyo-marakwet,KEIYO SOUTH,SubCounty,112236,56593,55639,46433,41.4,24089,42.6,22341,40.2,17441,15.5,10315,18.2,7124,12.8,6676,5.9,3781,6.7,2893,5.2
Elgeyo-marakwet,MARAKWET EAST,SubCounty,88986,43796,45188,26787,30.1,13644,31.2,13142,29.1,7943,8.9,4915,11.2,3028,6.7,2866,3.2,1777,4.1,1089,2.4
Elgeyo-marakwet,MARAKWET WEST,SubCounty,126113,63196,62912,45933,36.4,23688,37.5,22245,35.4,16973,13.5,10247,16.2,6726,10.7,5709,4.5,3354,5.3,2355,3.7
Nandi,"NANDI",County,822163,408980,413163,349824,42.5,177222,43.3,172595,41.8,140534,17.1,81657,20,58872,14.2,54869,6.7,30800,7.5,24066,5.8
Nandi,CHESUMEI,SubCounty,152235,75011,77221,72442,47.6,35685,47.6,36755,47.6,33312,21.9,18383,24.5,14928,19.3,13103,8.6,7168,9.6,5934,7.7
Nandi,"NANDI CENTRAL",SubCounty,136533,67514,69013,60345,44.2,30134,44.6,30208,43.8,25736,18.8,14722,21.8,11011,16,10150,7.4,5662,8.4,4486,6.5
Nandi,"NANDI EAST",SubCounty,110834,55676,55155,50026,45.1,26147,47,23879,43.3,21288,19.2,12891,23.2,8397,15.2,8612,7.8,4907,8.8,3705,6.7
Nandi,"NANDI NORTH",SubCounty,154455,76585,77867,63310,41,31664,41.3,31646,40.6,23780,15.4,13794,18,9986,12.8,8956,5.8,5102,6.7,3854,4.9
Nandi,"NANDI SOUTH",SubCounty,160898,79744,81151,64435,40,32198,40.4,32235,39.7,22869,14.2,13140,16.5,9728,12,9161,5.7,5045,6.3,4116,5.1
Nandi,TINDERET,SubCounty,107208,54450,52756,39266,36.6,21394,39.3,17872,33.9,13549,12.6,8727,16,4822,9.1,4887,4.6,2916,5.4,1971,3.7
Baringo,BARINGO,County,609555,306702,302842,213483,35,110090,35.9,103390,34.1,93138,15.3,54448,17.8,38687,12.8,38025,6.2,21854,7.1,16170,5.3
Baringo,BARINGO CENTRAL,SubCounty,89180,44084,45096,40878,45.8,20233,45.9,20645,45.8,20343,22.8,11373,25.8,8970,19.9,9584,10.7,5308,12,4276,9.5
Baringo,BARINGO NORTH,SubCounty,96670,48209,48459,35400,36.6,17780,36.9,17619,36.4,13187,13.6,7960,16.5,5226,10.8,5589,5.8,3297,6.8,2292,4.7
Baringo,EAST POKOT,SubCounty,73135,36951,36182,8107,11.1,4877,13.2,3230,8.9,3020,4.1,1861,5,1159,3.2,1259,1.7,785,2.1,474,1.3
Baringo,KOIBATEK,SubCounty,119478,59953,59523,56506,47.3,28589,47.7,27917,46.9,25544,21.4,14761,24.6,10783,18.1,10108,8.5,5662,9.4,4446,7.5
Baringo,MARIGAT,SubCounty,80968,40463,40502,28457,35.1,14825,36.6,13630,33.7,11772,14.5,7183,17.8,4588,11.3,4181,5.2,2579,6.4,1601,4
Baringo,MOGOTIO,SubCounty,83716,42194,41520,34111,40.7,17560,41.6,16551,39.9,15244,18.2,8804,20.9,6439,15.5,5944,7.1,3318,7.9,2626,6.3
Baringo,TIATY EAST,SubCounty,66408,34848,31560,10024,15.1,6226,17.9,3798,12,4028,6.1,2506,7.2,1522,4.8,1360,2,905,2.6,455,1.4
Laikipia,LAIKIPIA,County,475756,236702,239042,245189,51.5,122502,51.8,122681,51.3,107448,22.6,59898,25.3,47547,19.9,44988,9.5,25358,10.7,19629,8.2
Laikipia,LAIKIPIA CENTRAL,SubCounty,89229,44606,44623,53589,60.1,26486,59.4,27103,60.7,24716,27.7,13391,30,11325,25.4,11004,12.3,5989,13.4,5015,11.2
Laikipia,LAIKIPIA EAST,SubCounty,93683,46952,46726,55501,59.2,28290,60.3,27208,58.2,30485,32.5,16946,36.1,13537,29,13108,14,7491,16,5616,12
Laikipia,LAIKIPIA NORTH,SubCounty,32310,16107,16202,9188,28.4,4899,30.4,4289,26.5,2507,7.8,1671,10.4,836,5.2,832,2.6,576,3.6,256,1.6
Laikipia,LAIKIPIA WEST,SubCounty,117836,59138,58695,49603,42.1,25448,43,24153,41.2,15147,12.9,9199,15.6,5948,10.1,5282,4.5,3145,5.3,2137,3.6
Laikipia,NYAHURURU,SubCounty,142698,69899,72796,77308,54.2,37379,53.5,39928,54.8,34593,24.2,18691,26.7,15901,21.8,14762,10.3,8157,11.7,6605,9.1
Nakuru,"NAKURU",County,1981598,982910,998603,1044389,52.7,519165,52.8,525173,52.6,531767,26.8,293579,29.9,238166,23.8,230624,11.6,130385,13.3,100225,10
Nakuru,GILGIL,SubCounty,169516,84928,84581,93348,55.1,46805,55.1,46538,55,47755,28.2,26922,31.7,20831,24.6,21416,12.6,12457,14.7,8958,10.6
Nakuru,KURESOI NORTH,SubCounty,161409,80563,80843,62506,38.7,31985,39.7,30520,37.8,19962,12.4,12833,15.9,7129,8.8,6421,4,3998,5,2423,3
Nakuru,KURESOI SOUTH,SubCounty,142631,71731,70897,55559,39,29092,40.6,26466,37.3,20442,14.3,12997,18.1,7445,10.5,6734,4.7,4100,5.7,2634,3.7
Nakuru,MOLO,SubCounty,144889,72141,72743,69282,47.8,34264,47.5,35015,48.1,28049,19.4,16264,22.5,11785,16.2,10608,7.3,6199,8.6,4409,6.1
Nakuru,"NAIVASHA",SubCounty,322714,161071,161617,191464,59.3,96400,59.8,95046,58.8,102716,31.8,57251,35.5,45456,28.1,40468,12.5,23447,14.6,17014,10.5
Nakuru,"NAKURU EAST",SubCounty,176055,83491,92556,113710,64.6,52983,63.5,60720,65.6,85041,48.3,41796,50.1,43242,46.7,46156,26.2,24437,29.3,21718,23.5
Nakuru,"NAKURU NORTH",SubCounty,201190,97573,103602,113833,56.6,53994,55.3,59832,57.8,61609,30.6,31974,32.8,29631,28.6,26611,13.2,14771,15.1,11835,11.4
Nakuru,"NAKURU WEST",SubCounty,179490,91321,88159,109704,61.1,57235,62.7,52463,59.5,65871,36.7,36670,40.2,29198,33.1,28001,15.6,15999,17.5,12002,13.6
Nakuru,NJORO,SubCounty,220036,109028,111005,100517,45.7,49721,45.6,50794,45.8,38685,17.6,22505,20.6,16180,14.6,15435,7,9109,8.4,6326,5.7
Nakuru,RONGAI,SubCounty,184553,92132,92417,95905,52,48049,52.2,47855,51.8,48767,26.4,26991,29.3,21775,23.6,24138,13.1,13186,14.3,10952,11.9
Nakuru,SUBUKIA,SubCounty,79115,38931,40183,38561,48.7,18637,47.9,19924,49.6,12870,16.3,7376,18.9,5494,13.7,4636,5.9,2682,6.9,1954,4.9
Narok,"NAROK",County,1044966,520523,524419,358031,34.3,188267,36.2,169753,32.4,125491,12,78467,15.1,47018,9,42546,4.1,25812,5,16733,3.2
Narok,"NAROK EAST",SubCounty,104856,53336,51513,36567,34.9,19864,37.2,16701,32.4,11601,11.1,7438,13.9,4163,8.1,3126,3,1962,3.7,1164,2.3
Narok,"NAROK NORTH",SubCounty,227649,115452,112188,96519,42.4,51329,44.5,45185,40.3,44706,19.6,26104,22.6,18598,16.6,16234,7.1,9364,8.1,6870,6.1
Narok,"NAROK SOUTH",SubCounty,215493,106882,108609,64675,30,33929,31.7,30745,28.3,19111,8.9,12482,11.7,6628,6.1,5659,2.6,3599,3.4,2059,1.9
Narok,"NAROK WEST",SubCounty,171981,84283,87696,52837,30.7,26532,31.5,26304,30,16281,9.5,10563,12.5,5717,6.5,5170,3,3265,3.9,1905,2.2
Narok,TRANS MARA EAST,SubCounty,102459,50134,52324,28492,27.8,14891,29.7,13601,26,8237,8,5363,10.7,2874,5.5,3415,3.3,2130,4.2,1285,2.5
Narok,TRANS MARA WEST,SubCounty,222496,110408,112085,78909,35.5,41694,37.8,37213,33.2,25525,11.5,16491,14.9,9034,8.1,8936,4,5487,5,3449,3.1
Narok,MAU FOREST,SubCounty,32,28,4,32,100,28,100,4,100,30,93.8,26,92.9,4,100,6,18.8,5,17.9,1,25
Kajiado,KAJIADO,County,1016058,504023,512004,554416,54.6,280391,55.6,274007,53.5,336468,33.1,179615,35.6,156840,30.6,164967,16.2,89944,17.8,75014,14.7
Kajiado,ISINYA,SubCounty,191272,95366,95900,129437,67.7,65588,68.8,63843,66.6,89948,47,46985,49.3,42958,44.8,40373,21.1,21682,22.7,18688,19.5
Kajiado,KAJIADO CENTRAL,SubCounty,145212,72629,72580,61449,42.3,31943,44,29506,40.7,27228,18.8,15778,21.7,11450,15.8,10431,7.2,6161,8.5,4270,5.9
Kajiado,KAJIADO NORTH,SubCounty,282534,138169,144354,194776,68.9,95675,69.2,99092,68.6,148583,52.6,75963,55,72613,50.3,87772,31.1,46769,33.8,40998,28.4
Kajiado,KAJIADO WEST,SubCounty,165055,82432,82618,71451,43.3,37198,45.1,34252,41.5,34050,20.6,19137,23.2,14912,18,14691,8.9,8353,10.1,6337,7.7
Kajiado,LOITOKITOK,SubCounty,173159,85227,87927,67674,39.1,34380,40.3,33292,37.9,24417,14.1,14489,17,9928,11.3,7934,4.6,4766,5.6,3168,3.6
Kajiado,MASHUURU,SubCounty,58826,30200,28625,29629,50.4,15607,51.7,14022,49,12242,20.8,7263,24,4979,17.4,3766,6.4,2213,7.3,1553,5.4
Kericho,KERICHO,County,834061,415734,418300,362367,43.4,187336,45.1,175019,41.8,158104,19,95506,23,62594,15,69075,8.3,40364,9.7,28710,6.9
Kericho,BELGUT,SubCounty,135941,67923,68018,63341,46.6,32471,47.8,30870,45.4,28758,21.2,17196,25.3,11562,17,12694,9.3,7309,10.8,5385,7.9
Kericho,BURETI,SubCounty,185127,91535,93587,80362,43.4,40855,44.6,39505,42.2,34550,18.7,20757,22.7,13792,14.7,14889,8,8711,9.5,6178,6.6
Kericho,KERICHO EAST,SubCounty,156786,79013,77766,77548,49.5,40799,51.6,36745,47.3,42000,26.8,24553,31.1,17446,22.4,20465,13.1,11819,15,8646,11.1
Kericho,KIPKELION,SubCounty,112279,55954,56321,41504,37,22063,39.4,19440,34.5,14684,13.1,9578,17.1,5106,9.1,5817,5.2,3591,6.4,2226,4
Kericho,LONDIANI,SubCounty,126773,62955,63808,54905,43.3,27819,44.2,27082,42.4,21376,16.9,13179,20.9,8196,12.8,7717,6.1,4564,7.2,3153,4.9
Kericho,SOIN SIGOWET,SubCounty,117155,58354,58800,44707,38.2,23329,40,21377,36.4,16736,14.3,10243,17.6,6492,11,7493,6.4,4370,7.5,3122,5.3
Bomet,BOMET,County,810122,400694,409407,331415,40.9,166746,41.6,164663,40.2,134885,16.6,83163,20.8,51721,12.6,53643,6.6,31930,8,21712,5.3
Bomet,BOMET EAST,SubCounty,132732,65185,67541,50286,37.9,24535,37.6,25750,38.1,17556,13.2,10829,16.6,6727,10,6100,4.6,3741,5.7,2359,3.5
Bomet,CHEPALUNGU,SubCounty,152423,73652,78767,57580,37.8,27485,37.3,30094,38.2,19724,12.9,12480,16.9,7244,9.2,9179,6,5540,7.5,3639,4.6
Bomet,KONOIN,SubCounty,152161,77411,74747,66620,43.8,35439,45.8,31180,41.7,29201,19.2,18570,24,10631,14.2,10151,6.7,6146,7.9,4005,5.4
Bomet,SOTIK,SubCounty,211301,103882,107415,87112,41.2,43427,41.8,43684,40.7,35958,17,21781,21,14177,13.2,15078,7.1,8936,8.6,6142,5.7
Bomet,BOMET CENTRAL,SubCounty,161505,80564,80937,69817,43.2,35860,44.5,33955,42,32446,20.1,19503,24.2,12942,16,13135,8.1,7567,9.4,5567,6.9
Kakamega,KAKAMEGA,County,1732145,828945,903166,708904,40.9,334786,40.4,374106,41.4,250964,14.5,139101,16.8,111859,12.4,109715,6.3,61397,7.4,48318,5.3
Kakamega,BUTERE,SubCounty,143388,68366,75019,57206,39.9,26531,38.8,30674,40.9,17915,12.5,10077,14.7,7838,10.4,7238,5,4174,6.1,3064,4.1
Kakamega,KAKAMEGA CENTRAL,SubCounty,173048,84569,88477,92062,53.2,45545,53.9,46516,52.6,52016,30.1,27947,33,24068,27.2,28835,16.7,15689,18.6,13146,14.9
Kakamega,KAKAMEGA EAST,SubCounty,155365,74398,80963,65785,42.3,30431,40.9,35351,43.7,20737,13.3,11428,15.4,9308,11.5,8934,5.8,4945,6.6,3989,4.9
Kakamega,KAKAMEGA NORTH,SubCounty,221048,106855,114188,87449,39.6,42499,39.8,44950,39.4,27593,12.5,15809,14.8,11784,10.3,10621,4.8,6015,5.6,4606,4
Kakamega,KAKAMEGA SOUTH,SubCounty,104341,49548,54793,44340,42.5,20085,40.5,24255,44.3,13893,13.3,7528,15.2,6365,11.6,5254,5,2889,5.8,2365,4.3
Kakamega,KHWISERO,SubCounty,106001,49957,56041,43719,41.2,19481,39,24237,43.2,12490,11.8,6916,13.8,5574,9.9,5765,5.4,3292,6.6,2473,4.4
Kakamega,LIKUYANI,SubCounty,141338,68337,72998,60025,42.5,28184,41.2,31841,43.6,22255,15.7,12118,17.7,10137,13.9,8537,6,4707,6.9,3830,5.2
Kakamega,LUGARI,SubCounty,114040,54848,59192,48533,42.6,22774,41.5,25759,43.5,16347,14.3,9107,16.6,7240,12.2,6691,5.9,3715,6.8,2976,5
Kakamega,MATETE,SubCounty,61383,29404,31979,22543,36.7,10695,36.4,11848,37,7382,12,4000,13.6,3382,10.6,3165,5.2,1748,5.9,1417,4.4
Kakamega,MATUNGU,SubCounty,154460,72733,81724,52927,34.3,25003,34.4,27923,34.2,15479,10,8804,12.1,6674,8.2,5764,3.7,3387,4.7,2377,2.9
Kakamega,MUMIAS EAST,SubCounty,108468,51751,56714,41226,38,19660,38,21565,38,14066,13,8059,15.6,6007,10.6,5844,5.4,3446,6.7,2398,4.2
Kakamega,MUMIAS WEST,SubCounty,106473,50529,55943,43070,40.5,20175,39.9,22894,40.9,16207,15.2,8912,17.6,7295,13,7192,6.8,4014,7.9,3178,5.7
Kakamega,"NAVAKHOLO",SubCounty,142792,67650,75135,50019,35,23723,35.1,26293,35,14584,10.2,8396,12.4,6187,8.2,5875,4.1,3376,5,2499,3.3
Vihiga,VIHIGA,County,550070,263949,286112,237122,43.1,107137,40.6,129981,45.4,77622,14.1,41756,15.8,35864,12.5,36123,6.6,19879,7.5,16243,5.7
Vihiga,EMUHAYA,SubCounty,90814,43383,47430,37743,41.6,16835,38.8,20907,44.1,10609,11.7,5741,13.2,4867,10.3,4935,5.4,2731,6.3,2204,4.6
Vihiga,VIHIGA,SubCounty,88664,42455,46207,39796,44.9,17984,42.4,21811,47.2,14412,16.3,7716,18.2,6695,14.5,7174,8.1,3870,9.1,3303,7.1
Vihiga,SABATIA,SubCounty,122708,58591,64116,54759,44.6,24706,42.2,30053,46.9,18891,15.4,10084,17.2,8807,13.7,8140,6.6,4450,7.6,3690,5.8
Vihiga,LUANDA,SubCounty,98821,47692,51127,42679,43.2,19496,40.9,23181,45.3,14055,14.2,7577,15.9,6478,12.7,7082,7.2,3940,8.3,3142,6.1
Vihiga,HAMISI,SubCounty,149047,71816,77228,62129,41.7,28104,39.1,34025,44.1,19653,13.2,10637,14.8,9016,11.7,8790,5.9,4887,6.8,3903,5.1
Vihiga,KAKAMEGA FOREST,SubCounty,16,12,4,16,100,12,100,4,100,2,12.5,1,8.3,1,25,2,12.5,1,8.3,1,25
Bungoma,BUNGOMA,County,1538767,745883,792851,566662,36.8,279377,37.5,287279,36.2,212520,13.8,119213,16,93303,11.8,93169,6.1,52712,7.1,40456,5.1
Bungoma,BUMULA,SubCounty,199499,95312,104186,66127,33.1,32213,33.8,33914,32.6,19349,9.7,11097,11.6,8252,7.9,7352,3.7,4332,4.5,3020,2.9
Bungoma,BUNGOMA CENTRAL,SubCounty,163799,79315,84477,60206,36.8,29858,37.6,30346,35.9,21310,13,12282,15.5,9026,10.7,9217,5.6,5342,6.7,3875,4.6
Bungoma,BUNGOMA EAST,SubCounty,106122,51497,54623,41818,39.4,20200,39.2,21618,39.6,17213,16.2,9468,18.4,7745,14.2,7633,7.2,4146,8.1,3487,6.4
Bungoma,BUNGOMA NORTH,SubCounty,111891,54098,57792,42855,38.3,20312,37.5,22543,39,14858,13.3,8346,15.4,6512,11.3,6662,6,3790,7,2872,5
Bungoma,BUNGOMA SOUTH,SubCounty,263411,126979,136427,114051,43.3,56434,44.4,57615,42.2,56612,21.5,30427,24,26184,19.2,27162,10.3,15017,11.8,12145,8.9
Bungoma,CHEPTAIS,SubCounty,124273,61904,62363,33782,27.2,18500,29.9,15281,24.5,10373,8.3,6441,10.4,3932,6.3,3779,3,2336,3.8,1443,2.3
Bungoma,KIMILILI,SubCounty,149814,72387,77424,56147,37.5,27121,37.5,29025,37.5,20753,13.9,11379,15.7,9373,12.1,8582,5.7,4783,6.6,3798,4.9
Bungoma,MT. ELGON,SubCounty,72721,35916,36802,22492,30.9,11818,32.9,10674,29,7725,10.6,4725,13.2,3000,8.2,3231,4.4,1957,5.4,1274,3.5
Bungoma,BUNGOMA WEST,SubCounty,110636,53608,57027,37875,34.2,18841,35.1,19034,33.4,11471,10.4,6769,12.6,4702,8.2,5041,4.6,2926,5.5,2115,3.7
Bungoma,TONGAREN,SubCounty,92891,44960,47930,36289,39.1,17123,38.1,19166,40,12671,13.6,7112,15.8,5559,11.6,5214,5.6,2960,6.6,2254,4.7
Bungoma,WEBUYE WEST,SubCounty,140446,68209,72234,54406,38.7,26541,38.9,27865,38.6,20026,14.3,11059,16.2,8967,12.4,9249,6.6,5091,7.5,4158,5.8
Bungoma,MT. ELGON FOREST,SubCounty,3264,1698,1566,614,18.8,416,24.5,198,12.6,159,4.9,108,6.4,51,3.3,47,1.4,32,1.9,15,1
Busia,BUSIA,County,820788,388748,432013,315440,38.4,152005,39.1,163428,37.8,110560,13.5,63352,16.3,47207,10.9,48050,5.9,27819,7.2,20231,4.7
Busia,BUNYALA,SubCounty,79588,38196,41391,31819,40,15534,40.7,16284,39.3,11179,14,6972,18.3,4207,10.2,4713,5.9,2918,7.6,1795,4.3
Busia,BUSIA,SubCounty,128002,60908,67093,54250,42.4,26484,43.5,27766,41.4,22258,17.4,12254,20.1,10004,14.9,9208,7.2,5254,8.6,3954,5.9
Busia,BUTULA,SubCounty,129739,59856,69880,47956,37,21260,35.5,26693,38.2,13519,10.4,7491,12.5,6027,8.6,6056,4.7,3465,5.8,2591,3.7
Busia,"NAMBALE",SubCounty,103180,48653,54523,38074,36.9,18040,37.1,20032,36.7,12317,11.9,6882,14.1,5435,10,5358,5.2,2991,6.1,2367,4.3
Busia,SAMIA,SubCounty,99108,46819,52275,39683,40,19015,40.6,20668,39.5,12910,13,7744,16.5,5166,9.9,5298,5.3,3140,6.7,2158,4.1
Busia,TESO NORTH,SubCounty,126387,60543,65842,46335,36.7,23115,38.2,23220,35.3,17790,14.1,10258,16.9,7532,11.4,8129,6.4,4748,7.8,3381,5.1
Busia,TESO SOUTH,SubCounty,154784,73773,81009,57323,37,28557,38.7,28765,35.5,20587,13.3,11751,15.9,8836,10.9,9288,6,5303,7.2,3985,4.9
Siaya,SIAYA,County,919461,434630,484814,405688,44.1,184736,42.5,220943,45.6,137402,14.9,76966,17.7,60433,12.5,62273,6.8,35574,8.2,26695,5.5
Siaya,SIAYA,SubCounty,207196,97050,110142,92051,44.4,41490,42.8,50558,45.9,31733,15.3,17490,18,14243,12.9,14474,7,8218,8.5,6255,5.7
Siaya,GEM,SubCounty,166766,79237,87525,72586,43.5,33012,41.7,39573,45.2,22169,13.3,12537,15.8,9631,11,10946,6.6,6213,7.8,4732,5.4
Siaya,UGENYA,SubCounty,125274,58138,67132,52181,41.7,22497,38.7,29681,44.2,15551,12.4,8709,15,6840,10.2,6241,5,3567,6.1,2672,4
Siaya,UGUNJA,SubCounty,96903,45246,51657,42988,44.4,19163,42.4,23825,46.1,14677,15.1,8093,17.9,6584,12.7,6331,6.5,3622,8,2709,5.2
Siaya,BONDO,SubCounty,181834,87903,93928,84976,46.7,40768,46.4,44207,47.1,33258,18.3,18933,21.5,14325,15.3,15445,8.5,8974,10.2,6471,6.9
Siaya,RARIEDA,SubCounty,141488,67056,74430,60906,43,27806,41.5,33099,44.5,20014,14.1,11204,16.7,8810,11.8,8836,6.2,4980,7.4,3856,5.2
Kisumu,KISUMU,County,1061224,511739,549465,524515,49.4,252715,49.4,271786,49.5,253426,23.9,139088,27.2,114331,20.8,133434,12.6,74969,14.6,58463,10.6
Kisumu,KISUMU EAST,SubCounty,202479,99157,103318,109698,54.2,54850,55.3,54845,53.1,58879,29.1,32495,32.8,26383,25.5,29987,14.8,16911,17.1,13076,12.7
Kisumu,KISUMU CENTRAL,SubCounty,158191,75722,82465,97762,61.8,47358,62.5,50402,61.1,69939,44.2,35949,47.5,33988,41.2,41096,26,22008,29.1,19087,23.1
Kisumu,KISUMU WEST,SubCounty,157473,76922,80548,78440,49.8,38598,50.2,39839,49.5,37566,23.9,21267,27.6,16298,20.2,21037,13.4,12148,15.8,8889,11
Kisumu,SEME,SubCounty,112594,53097,59495,48931,43.5,22024,41.5,26906,45.2,16203,14.4,9129,17.2,7073,11.9,7583,6.7,4352,8.2,3230,5.4
Kisumu,MUHORONI,SubCounty,141120,69743,71376,61248,43.4,31037,44.5,30211,42.3,21854,15.5,13071,18.7,8783,12.3,10428,7.4,6190,8.9,4238,5.9
Kisumu,NYANDO,SubCounty,149436,71048,78383,67104,44.9,31157,43.9,35943,45.9,26699,17.9,14708,20.7,11989,15.3,12813,8.6,7301,10.3,5512,7
Kisumu,NYAKACH,SubCounty,139931,66050,73880,61332,43.8,27691,41.9,33640,45.5,22286,15.9,12469,18.9,9817,13.3,10490,7.5,6059,9.2,4431,6
Homa Bay,HOMA BAY,County,1037468,491680,545768,426084,41.1,199666,40.6,226407,41.5,157625,15.2,90677,18.4,66942,12.3,70162,6.8,41789,8.5,28371,5.2
Homa Bay,HOMA BAY,SubCounty,106961,50299,56661,50211,46.9,23654,47,26556,46.9,23393,21.9,12944,25.7,10448,18.4,12197,11.4,6989,13.9,5207,9.2
Homa Bay,NDHIWA,SubCounty,198409,93863,104539,72567,36.6,34973,37.3,37591,36,22435,11.3,13601,14.5,8833,8.4,8868,4.5,5500,5.9,3367,3.2
Homa Bay,RACHUONYO NORTH,SubCounty,165147,78464,86679,71012,43,32653,41.6,38356,44.3,24220,14.7,13944,17.8,10274,11.9,11072,6.7,6663,8.5,4409,5.1
Homa Bay,RACHUONYO EAST,SubCounty,112267,52912,59353,45922,40.9,20829,39.4,25092,42.3,16195,14.4,9144,17.3,7050,11.9,7065,6.3,4167,7.9,2898,4.9
Homa Bay,RACHUONYO SOUTH,SubCounty,120330,56383,63947,52276,43.4,23768,42.2,28508,44.6,20941,17.4,11513,20.4,9428,14.7,9248,7.7,5407,9.6,3841,6
Homa Bay,RANGWE,SubCounty,108345,50653,57689,42482,39.2,19103,37.7,23379,40.5,15654,14.4,8826,17.4,6828,11.8,6691,6.2,3927,7.8,2764,4.8
Homa Bay,SUBA NORTH,SubCounty,114461,55323,59137,49131,42.9,23822,43.1,25308,42.8,20600,18,12091,21.9,8508,14.4,9533,8.3,5765,10.4,3768,6.4
Homa Bay,SUBA SOUTH,SubCounty,111548,53783,57763,42483,38.1,20864,38.8,21617,37.4,14187,12.7,8614,16,5573,9.6,5488,4.9,3371,6.3,2117,3.7
Migori,MIGORI,County,1016399,486357,530012,381265,37.5,187805,38.6,193454,36.5,145208,14.3,85341,17.5,59865,11.3,62426,6.1,37031,7.6,25395,4.8
Migori,AWENDO,SubCounty,107090,51345,55743,44514,41.6,21823,42.5,22690,40.7,17002,15.9,10180,19.8,6822,12.2,7904,7.4,4774,9.3,3130,5.6
Migori,KURIA EAST,SubCounty,88045,42653,45385,26355,29.9,13306,31.2,13049,28.8,9524,10.8,5787,13.6,3737,8.2,3877,4.4,2373,5.6,1504,3.3
Migori,KURIA WEST,SubCounty,189956,92003,97947,61391,32.3,32022,34.8,29368,30,24267,12.8,14421,15.7,9846,10.1,9958,5.2,5917,6.4,4041,4.1
Migori,NYATIKE,SubCounty,159883,75746,84130,59957,37.5,28909,38.2,31047,36.9,19558,12.2,12035,15.9,7523,8.9,7365,4.6,4572,6,2793,3.3
Migori,RONGO,SubCounty,114373,54154,60218,48385,42.3,22916,42.3,25469,42.3,20094,17.6,11293,20.9,8801,14.6,9875,8.6,5655,10.4,4220,7
Migori,SUNA EAST,SubCounty,111811,53380,58428,47096,42.1,22924,42.9,24171,41.4,19636,17.6,11257,21.1,8378,14.3,9081,8.1,5191,9.7,3890,6.7
Migori,SUNA WEST,SubCounty,115745,54921,60823,45983,39.7,22498,41,23484,38.6,19051,16.5,10745,19.6,8305,13.7,8317,7.2,4829,8.8,3488,5.7
Migori,URIRI,SubCounty,129496,62155,67338,47584,36.7,23407,37.7,24176,35.9,16076,12.4,9623,15.5,6453,9.6,6049,4.7,3720,6,2329,3.5
Kisii,KISII,County,1179067,561241,617793,516635,43.8,240834,42.9,275786,44.6,188888,16,107428,19.1,81453,13.2,92025,7.8,53238,9.5,38782,6.3
Kisii,ETAGO,SubCounty,78104,37316,40785,29794,38.1,14188,38,15605,38.3,8625,11,5200,13.9,3424,8.4,3725,4.8,2261,6.1,1463,3.6
Kisii,GUCHA,SubCounty,77635,36552,41082,33000,42.5,15085,41.3,17915,43.6,12159,15.7,6815,18.6,5344,13,6367,8.2,3620,9.9,2747,6.7
Kisii,GUCHA SOUTH,SubCounty,77984,37202,40779,31460,40.3,14687,39.5,16772,41.1,10281,13.2,6051,16.3,4229,10.4,5085,6.5,2995,8.1,2090,5.1
Kisii,KENYENYA,SubCounty,122925,58489,64434,51866,42.2,23700,40.5,28166,43.7,15998,13,9279,15.9,6719,10.4,6857,5.6,3995,6.8,2862,4.4
Kisii,KISII CENTRAL,SubCounty,153169,73940,79226,77633,50.7,37051,50.1,40579,51.2,36585,23.9,20230,27.4,16354,20.6,19583,12.8,11113,15,8469,10.7
Kisii,KISII SOUTH,SubCounty,126037,59998,66034,51323,40.7,24594,41,26728,40.5,18760,14.9,10792,18,7968,12.1,8678,6.9,5024,8.4,3654,5.5
Kisii,KITUTU CENTRAL,SubCounty,143117,68958,74154,69863,48.8,33839,49.1,36020,48.6,35265,24.6,19207,27.9,16055,21.7,18562,13,10307,14.9,8253,11.1
Kisii,MARANI,SubCounty,100436,47090,53345,42225,42,18873,40.1,23352,43.8,11969,11.9,7021,14.9,4948,9.3,5634,5.6,3351,7.1,2282,4.3
Kisii,MASABA SOUTH,SubCounty,114613,54167,60442,50230,43.8,22627,41.8,27602,45.7,14865,13,8656,16,6208,10.3,6857,6,4105,7.6,2752,4.6
Kisii,NYAMACHE,SubCounty,122459,57910,64547,52642,43,23878,41.2,28762,44.6,16225,13.2,9353,16.2,6872,10.6,7046,5.8,4269,7.4,2777,4.3
Kisii,SAMETA,SubCounty,62588,29619,32965,26599,42.5,12312,41.6,14285,43.3,8156,13,4824,16.3,3332,10.1,3631,5.8,2198,7.4,1433,4.3
Nyamira,NYAMIRA,County,566741,271344,295385,257227,45.4,119533,44.1,137692,46.6,90354,15.9,51409,18.9,38945,13.2,42183,7.4,24562,9.1,17621,6
Nyamira,BORABU,SubCounty,68779,34446,34333,33826,49.2,16692,48.5,17134,49.9,13648,19.8,7801,22.6,5847,17,6632,9.6,3857,11.2,2775,8.1
Nyamira,MANGA,SubCounty,88406,41976,46428,40638,46,18738,44.6,21900,47.2,13535,15.3,7792,18.6,5743,12.4,5992,6.8,3480,8.3,2512,5.4
Nyamira,MASABA NORTH,SubCounty,104344,49088,55254,47862,45.9,21623,44,26239,47.5,16755,16.1,9583,19.5,7172,13,7588,7.3,4420,9,3168,5.7
Nyamira,NYAMIRA NORTH,SubCounty,156770,75072,81693,67996,43.4,31590,42.1,36405,44.6,21089,13.5,12178,16.2,8911,10.9,10319,6.6,6065,8.1,4254,5.2
Nyamira,NYAMIRA SOUTH,SubCounty,148442,70762,77677,66905,45.1,30890,43.7,36014,46.4,25327,17.1,14055,19.9,11272,14.5,11652,7.8,6740,9.5,4912,6.3
Nairobi,"NAIROBI CITY",County,4010447,1986852,2023404,2772719,69.1,1392497,70.1,1380088,68.2,2100763,52.4,1098800,55.3,1001864,49.5,1124363,28,612850,30.8,511455,25.3
Nairobi,DAGORETTI,SubCounty,398369,199539,198804,270753,68,138103,69.2,132632,66.7,188630,47.4,101942,51.1,86674,43.6,93735,23.5,52886,26.5,40841,20.5
Nairobi,EMBAKASI,SubCounty,904247,449669,454540,634778,70.2,321225,71.4,313532,69,502164,55.5,263960,58.7,238186,52.4,272166,30.1,149225,33.2,122932,27
Nairobi,KAMUKUNJI,SubCounty,242507,122131,120369,157219,64.8,80627,66,76586,63.6,115467,47.6,61739,50.6,53724,44.6,41640,17.2,24208,19.8,17430,14.5
Nairobi,KASARANI,SubCounty,710889,344378,366478,491651,69.2,239367,69.5,252263,68.8,379562,53.4,193203,56.1,186343,50.8,205007,28.8,111229,32.3,93767,25.6
Nairobi,KIBRA,SubCounty,169509,85815,83687,111720,65.9,58062,67.7,53652,64.1,75392,44.5,41154,48,34233,40.9,42385,25,23261,27.1,19121,22.8
Nairobi,LANG'ATA,SubCounty,180488,87399,93081,134897,74.7,65416,74.8,69476,74.6,118899,65.9,58595,67,60302,64.8,86477,47.9,43504,49.8,42972,46.2
Nairobi,MAKADARA,SubCounty,176283,89283,86991,126251,71.6,64996,72.8,61248,70.4,92196,52.3,49033,54.9,43160,49.6,47544,27,26262,29.4,21280,24.5
Nairobi,MATHARE,SubCounty,188625,97147,91465,122056,64.7,65520,67.4,56524,61.8,70295,37.3,41412,42.6,28877,31.6,23989,12.7,14838,15.3,9147,10
Nairobi,NJIRU,SubCounty,573474,280310,293137,377259,65.8,185710,66.3,191531,65.3,269869,47.1,139682,49.8,130174,44.4,128093,22.3,70897,25.3,57190,19.5
Nairobi,STAREHE,SubCounty,182149,90480,91660,131259,72.1,65980,72.9,65270,71.2,107513,59,55484,61.3,52021,56.8,59704,32.8,32417,35.8,27282,29.8
Nairobi,WESTLANDS,SubCounty,283907,140701,143192,214876,75.7,107491,76.4,107374,75,180776,63.7,92596,65.8,88170,61.6,123623,43.5,64123,45.6,59493,41.5
