county,sub_county,admin_area,pop_total,pop_male,pop_female,mpo_total,mpo_total_perc,mpo_male,mpo_male_perc,mpo_female,mpo_female_perc,uo_i_total,uo_i_total_perc,uo_i_male,uo_i_male_perc,uo_i_female,uo_i_female_perc,uo_dlt_total,uo_dlt_total_perc,uo_dlt_male,uo_dlt_male_perc,uo_dlt_female,uo_dlt_female_perc,land_size,land_size_subsistence,land_size_commercial,no_fhs,no_fhs_subsistence,no_fhs_commercial,pop_male_perc,pop_female_perc,mobile_gender_gap,internet_gender_gap,dlt_gender_gap,fhs_perc,fhs_subsistence_perc,fhs_commercial_perc,fhs_subs_perc,fhs_comm_perc
Xxx,KENYA,National,43739906,21574077,22164531,20694315,47.3%,10268651,47.6%,10425040,47.0%,9869962,22.6%,5408981,25.1%,4460639,20.1%,4527254,10.4%,2529413,11.7%,1997664,9.0%,10032857,8432133,961501,6354211,5637450,506687,49.3%,50.7%,0.6%,4.9%,2.7%,14.5%,12.9%,1.2%,12.9%,1.2%
Xxx,RURAL*,Rural-Urban,30253081,14939183,15313145,12249934,40.5%,6073556,40.7%,6176120,40.3%,4139595,13.7%,2404991,16.1%,1734502,11.3%,1614287,5.3%,937948,6.3%,676295,4.4%,NA,NA,NA,NA,NA,NA,49.4%,50.6%,0.3%,4.8%,1.9%,"NA","NA","NA","NA","NA"
Xxx,URBAN*,Rural-Urban,13486825,6634894,6851386,8444381,62.6%,4195095,63.2%,4248920,62.0%,5730367,42.5%,3003990,45.3%,2726137,39.8%,2912967,21.6%,1591465,24.0%,1321369,19.3%,NA,NA,NA,NA,NA,NA,49.2%,50.8%,1.2%,5.5%,4.7%,"NA","NA","NA","NA","NA"
Mombasa,MOMBASA,County,1100173,552476,547681,679402,61.8%,353192,63.9%,326200,59.6%,431327,39.2%,232526,42.1%,198792,36.3%,184713,16.8%,104805,19.0%,79904,14.6%,10713,7938,1778,12497,9830,2062,50.2%,49.8%,4.4%,5.8%,4.4%,1.1%,0.9%,0.2%,0.9%,0.2%
Mombasa,CHANGAMWE,SubCounty,121334,63184,58150,79248,65.3%,42684,67.6%,36564,62.9%,48368,39.9%,27252,43.1%,21116,36.3%,18986,15.6%,11455,18.1%,7531,13.0%,291,206,77,618,454,132,52.1%,47.9%,4.7%,6.8%,5.2%,0.5%,0.4%,0.1%,0.4%,0.1%
Mombasa,JOMVU,SubCounty,149699,75931,73765,88469,59.1%,46928,61.8%,41539,56.3%,48246,32.2%,27583,36.3%,20662,28.0%,19386,12.9%,11739,15.5%,7646,10.4%,1628,1269,322,2418,1811,496,50.7%,49.3%,5.5%,8.3%,5.1%,1.6%,1.2%,0.3%,1.2%,0.3%
Mombasa,KISAUNI,SubCounty,263742,131351,132388,154731,58.7%,80185,61.0%,74544,56.3%,93781,35.6%,50503,38.4%,43275,32.7%,40374,15.3%,22737,17.3%,17636,13.3%,5613,4181,578,6257,5198,762,49.8%,50.2%,4.7%,5.8%,4.0%,2.4%,2.0%,0.3%,2.0%,0.3%
Mombasa,LIKONI,SubCounty,228472,115784,112685,134590,58.9%,72030,62.2%,62559,55.5%,75298,33.0%,43018,37.2%,32279,28.6%,27252,11.9%,16461,14.2%,10791,9.6%,1767,1379,350,1863,1441,334,50.7%,49.3%,6.7%,8.5%,4.6%,0.8%,0.6%,0.1%,0.6%,0.1%
Mombasa,MVITA,SubCounty,138927,66589,72336,92190,66.4%,44154,66.3%,48036,66.4%,76664,55.2%,37260,56.0%,39404,54.5%,35671,25.7%,18957,28.5%,16714,23.1%,442,245,163,309,199,81,47.9%,52.1%,-0.1%,1.5%,5.4%,0.2%,0.1%,0.1%,0.1%,0.1%
Mombasa,NYALI,SubCounty,197999,99637,98357,130174,65.7%,67211,67.5%,62958,64.0%,88970,44.9%,46910,47.1%,42056,42.8%,43044,21.7%,23456,23.5%,19586,19.9%,973,658,288,1032,727,257,50.3%,49.7%,3.4%,4.3%,3.6%,0.5%,0.4%,0.1%,0.4%,0.1%
Kwale,KWALE,County,783189,382538,400636,287765,36.7%,151386,39.6%,136374,34.0%,97240,12.4%,57487,15.0%,39749,9.9%,35746,4.6%,21196,5.5%,14547,3.6%,304761,295623,6952,108074,103612,2525,48.8%,51.2%,5.5%,5.1%,1.9%,13.8%,13.2%,0.3%,13.2%,0.3%
Kwale,KINANGO,SubCounty,84534,40445,44088,24431,28.9%,12455,30.8%,11976,27.2%,5279,6.2%,3195,7.9%,2084,4.7%,2240,2.6%,1372,3.4%,868,2.0%,85154,83483,1379,13855,13631,98,47.8%,52.2%,3.6%,3.2%,1.4%,16.4%,16.1%,0.1%,16.1%,0.1%
Kwale,LUNGALUNGA,SubCounty,180056,87893,92161,54913,30.5%,29413,33.5%,25500,27.7%,12948,7.2%,8218,9.4%,4730,5.1%,4324,2.4%,2715,3.1%,1609,1.7%,67716,65496,1478,29299,28197,505,48.8%,51.2%,5.8%,4.2%,1.3%,16.3%,15.7%,0.3%,15.7%,0.3%
Kwale,MATUGA,SubCounty,177675,87377,90296,70107,39.5%,36575,41.9%,33531,37.1%,23507,13.2%,13660,15.6%,9847,10.9%,7769,4.4%,4609,5.3%,3160,3.5%,66983,65402,1245,24689,23737,536,49.2%,50.8%,4.7%,4.7%,1.8%,13.9%,13.4%,0.3%,13.4%,0.3%
Kwale,MSAMBWENI,SubCounty,159936,80181,79752,80641,50.4%,42969,53.6%,37670,47.2%,40774,25.5%,23161,28.9%,17610,22.1%,16176,10.1%,9245,11.5%,6928,8.7%,23695,21250,2028,14959,13474,1011,50.1%,49.9%,6.4%,6.8%,2.8%,9.4%,8.4%,0.6%,8.4%,0.6%
Kwale,SAMBURU-KWALE,SubCounty,180988,86642,94339,57673,31.9%,29974,34.6%,27697,29.4%,14732,8.1%,9253,10.7%,5478,5.8%,5237,2.9%,3255,3.8%,1982,2.1%,61215,59992,823,25272,24573,375,47.9%,52.1%,5.2%,4.9%,1.7%,14.0%,13.6%,0.2%,13.6%,0.2%
Kilifi,KILIFI,County,1323664,636891,686754,520866,39.4%,268321,42.1%,252540,36.8%,200190,15.1%,118420,18.6%,81770,11.9%,87064,6.6%,50667,8.0%,36397,5.3%,227776,209112,9122,161188,154803,4076,48.1%,51.9%,5.4%,6.7%,2.7%,12.2%,11.7%,0.3%,11.7%,0.3%
Kilifi,CHONYI,SubCounty,57246,26917,30328,17874,31.2%,8923,33.2%,8951,29.5%,3965,6.9%,2642,9.8%,1323,4.4%,1419,2.5%,916,3.4%,503,1.7%,8682,8589,78,10025,9936,47,47.0%,53.0%,3.6%,5.5%,1.7%,17.5%,17.4%,0.1%,17.4%,0.1%
Kilifi,GANZE,SubCounty,131101,60552,70546,39293,30.0%,18317,30.3%,20976,29.7%,8884,6.8%,5497,9.1%,3387,4.8%,4319,3.3%,2597,4.3%,1722,2.4%,39156,38178,768,20578,20163,253,46.2%,53.8%,0.5%,4.3%,1.8%,15.7%,15.4%,0.2%,15.4%,0.2%
Kilifi,KALOLENI,SubCounty,176734,83996,92733,62072,35.1%,31581,37.6%,30491,32.9%,20300,11.5%,12198,14.5%,8102,8.7%,9086,5.1%,5455,6.5%,3631,3.9%,28507,27898,412,22504,22019,203,47.5%,52.5%,4.7%,5.8%,2.6%,12.7%,12.5%,0.1%,12.5%,0.1%
Kilifi,KAUMA,SubCounty,20821,10054,10767,6666,32.0%,3492,34.7%,3174,29.5%,1289,6.2%,846,8.4%,443,4.1%,462,2.2%,293,2.9%,169,1.6%,3089,3032,26,2867,2801,20,48.3%,51.7%,5.3%,4.3%,1.3%,13.8%,13.5%,0.1%,13.5%,0.1%
Kilifi,KILIFI NORTH,SubCounty,162990,78763,84225,72985,44.8%,37368,47.4%,35617,42.3%,32694,20.1%,19053,24.2%,13641,16.2%,16090,9.9%,9274,11.8%,6816,8.1%,18127,17046,920,18690,17755,619,48.3%,51.7%,5.2%,8.0%,3.7%,11.5%,10.9%,0.4%,10.9%,0.4%
Kilifi,KILIFI SOUTH,SubCounty,187663,91863,95799,90113,48.0%,46750,50.9%,43362,45.3%,41751,22.2%,23511,25.6%,18240,19.0%,17051,9.1%,9659,10.5%,7392,7.7%,15613,14209,1275,15114,14116,747,49.0%,51.0%,5.6%,6.6%,2.8%,8.1%,7.5%,0.4%,7.5%,0.4%
Kilifi,MAGARINI,SubCounty,174553,84429,90124,53914,30.9%,28957,34.3%,24957,27.7%,14916,8.5%,9722,11.5%,5194,5.8%,6580,3.8%,4032,4.8%,2548,2.8%,40657,38691,1719,25989,25259,458,48.4%,51.6%,6.6%,5.8%,1.9%,14.9%,14.5%,0.3%,14.5%,0.3%
Kilifi,MALINDI,SubCounty,301205,146545,154653,134437,44.6%,69612,47.5%,64821,41.9%,62682,20.8%,36360,24.8%,26322,17.0%,26991,9.0%,15364,10.5%,11627,7.5%,61277,49297,3519,31072,28895,1499,48.7%,51.3%,5.6%,7.8%,3.0%,10.3%,9.6%,0.5%,9.6%,0.5%
Kilifi,RABAI,SubCounty,111351,53772,57579,43512,39.1%,23321,43.4%,20191,35.1%,13709,12.3%,8591,16.0%,5118,8.9%,5066,4.5%,3077,5.7%,1989,3.5%,12668,12172,405,14349,13859,230,48.3%,51.7%,8.3%,7.1%,2.3%,12.9%,12.4%,0.2%,12.4%,0.2%
Tana River,TANA RIVER,County,284605,142087,142516,90043,31.6%,50282,35.4%,39761,27.9%,25256,8.9%,16523,11.6%,8733,6.1%,8985,3.2%,5689,4.0%,3296,2.3%,81049,52664,9489,35094,26341,3026,49.9%,50.1%,7.5%,5.5%,1.7%,12.3%,9.3%,1.1%,9.3%,1.1%
Tana River,TANA DELTA,SubCounty,99792,50066,49726,30558,30.6%,17206,34.4%,13352,26.9%,8398,8.4%,5557,11.1%,2841,5.7%,3055,3.1%,1945,3.9%,1110,2.2%,42685,23781,2793,15128,11569,1244,50.2%,49.8%,7.5%,5.4%,1.7%,15.2%,11.6%,1.2%,11.6%,1.2%
Tana River,TANA NORTH,SubCounty,105495,53199,52294,34954,33.1%,19076,35.9%,15878,30.4%,8825,8.4%,5795,10.9%,3030,5.8%,2153,2.0%,1359,2.6%,794,1.5%,12552,9027,1304,9397,6085,891,50.4%,49.6%,5.5%,5.1%,1.0%,8.9%,5.8%,0.8%,5.8%,0.8%
Tana River,TANA RIVER,SubCounty,79318,38822,40496,24531,30.9%,14000,36.1%,10531,26.0%,8033,10.1%,5171,13.3%,2862,7.1%,3777,4.8%,2385,6.1%,1392,3.4%,25812,19856,5392,10569,8687,891,48.9%,51.1%,10.1%,6.3%,2.7%,13.3%,11.0%,1.1%,11.0%,1.1%
Lamu,LAMU,County,130991,69111,61877,59256,45.2%,33849,49.0%,25406,41.1%,25473,19.4%,16171,23.4%,9301,15.0%,8101,6.2%,5276,7.6%,2825,4.6%,42542,33585,4009,18678,15431,1901,52.8%,47.2%,7.9%,8.4%,3.1%,14.3%,11.8%,1.5%,11.8%,1.5%
Lamu,LAMU EAST,SubCounty,20637,10805,9832,7913,38.3%,4616,42.7%,3297,33.5%,3385,16.4%,2232,20.7%,1153,11.7%,844,4.1%,633,5.9%,211,2.1%,3206,2803,335,1831,1450,131,52.4%,47.6%,9.2%,8.9%,3.7%,8.9%,7.0%,0.6%,7.0%,0.6%
Lamu,LAMU WEST,SubCounty,110354,58306,52045,51343,46.5%,29233,50.1%,22109,42.5%,22088,20.0%,13939,23.9%,8148,15.7%,7257,6.6%,4643,8.0%,2614,5.0%,39336,30782,3674,16847,13981,1770,52.8%,47.2%,7.7%,8.3%,2.9%,15.3%,12.7%,1.6%,12.7%,1.6%
Taita Taveta,TAITA/TAVETA,County,312593,158230,154357,171763,54.9%,88074,55.7%,83685,54.2%,74588,23.9%,42034,26.6%,32553,21.1%,29983,9.6%,17099,10.8%,12884,8.3%,125193,105987,17985,56920,49969,5481,50.6%,49.4%,1.4%,5.5%,2.5%,18.2%,16.0%,1.8%,16.0%,1.8%
Taita Taveta,MWATATE,SubCounty,76078,38672,37404,41998,55.2%,21648,56.0%,20350,54.4%,15742,20.7%,9222,23.8%,6520,17.4%,5994,7.9%,3467,9.0%,2527,6.8%,30878,29709,923,16123,15172,639,50.8%,49.2%,1.6%,6.4%,2.2%,21.2%,19.9%,0.8%,19.9%,0.8%
Taita Taveta,TAITA,SubCounty,52345,26495,25850,29374,56.1%,14950,56.4%,14424,55.8%,11713,22.4%,6617,25.0%,5096,19.7%,4999,9.6%,2793,10.5%,2206,8.5%,25390,15108,10052,12139,11195,829,50.6%,49.4%,0.6%,5.3%,2.0%,23.2%,21.4%,1.6%,21.4%,1.6%
Taita Taveta,TAVETA,SubCounty,82789,42548,40241,41736,50.4%,21994,51.7%,19742,49.1%,17693,21.4%,10116,23.8%,7577,18.8%,6875,8.3%,4015,9.4%,2860,7.1%,45596,39836,5406,14591,10798,3165,51.4%,48.6%,2.6%,4.9%,2.3%,17.6%,13.0%,3.8%,13.0%,3.8%
Taita Taveta,VOI,SubCounty,101381,50515,50862,58655,57.9%,29482,58.4%,29169,57.3%,29440,29.0%,16079,31.8%,13360,26.3%,12115,11.9%,6824,13.5%,5291,10.4%,23328,21335,1603,14067,12804,848,49.8%,50.2%,1.0%,5.6%,3.1%,13.9%,12.6%,0.8%,12.6%,0.8%
Garissa,GARISSA,County,778006,425411,352563,235692,30.3%,125700,29.5%,109984,31.2%,94786,12.2%,56148,13.2%,38634,11.0%,35766,4.6%,22310,5.2%,13453,3.8%,151460,76172,9779,47645,23980,2751,54.7%,45.3%,-1.6%,2.2%,1.4%,6.1%,3.1%,0.4%,3.1%,0.4%
Garissa,BALAMBALA,SubCounty,30885,19392,11492,7045,22.8%,4328,22.3%,2717,23.6%,2737,8.9%,1845,9.5%,891,7.8%,1135,3.7%,724,3.7%,411,3.6%,11535,4343,1494,1786,1212,158,62.8%,37.2%,-1.3%,1.8%,0.2%,5.8%,3.9%,0.5%,3.9%,0.5%
Garissa,DADAAB,SubCounty,171529,91581,79942,46627,27.2%,24379,26.6%,22246,27.8%,17569,10.2%,10186,11.1%,7382,9.2%,6285,3.7%,3775,4.1%,2509,3.1%,16843,7946,617,9315,3021,114,53.4%,46.6%,-1.2%,1.9%,1.0%,5.4%,1.8%,0.1%,1.8%,0.1%
Garissa,FAFI,SubCounty,123861,67143,56708,27445,22.2%,14751,22.0%,12692,22.4%,9641,7.8%,5633,8.4%,4008,7.1%,2660,2.1%,1582,2.4%,1078,1.9%,30933,12426,2022,6556,2520,694,54.2%,45.8%,-0.4%,1.3%,0.5%,5.3%,2.0%,0.6%,2.0%,0.6%
Garissa,GARISSA,SubCounty,148891,75234,73652,60270,40.5%,29841,39.7%,30427,41.3%,28763,19.3%,16129,21.4%,12632,17.2%,9552,6.4%,5857,7.8%,3694,5.0%,21651,9754,2458,3335,1815,494,50.5%,49.5%,-1.6%,4.3%,2.8%,2.2%,1.2%,0.3%,1.2%,0.3%
Garissa,HULUGHO,SubCounty,124947,73417,51525,44304,35.5%,25250,34.4%,19053,37.0%,15747,12.6%,10002,13.6%,5745,11.1%,7114,5.7%,4631,6.3%,2483,4.8%,37580,24462,1743,13731,8938,637,58.8%,41.2%,-2.6%,2.5%,1.5%,11.0%,7.2%,0.5%,7.2%,0.5%
Garissa,IJARA,SubCounty,131571,75484,56083,36814,28.0%,20397,27.0%,16417,29.3%,17596,13.4%,10924,14.5%,6672,11.9%,7743,5.9%,5054,6.7%,2689,4.8%,22267,11634,1182,8136,4251,432,57.4%,42.6%,-2.3%,2.6%,1.9%,6.2%,3.2%,0.3%,3.2%,0.3%
Garissa,LAGDERA,SubCounty,46322,23160,23161,13187,28.5%,6754,29.2%,6432,27.8%,2733,5.9%,1429,6.2%,1304,5.6%,1277,2.8%,687,3.0%,589,2.5%,10652,5605,263,4786,2223,222,50.0%,50.0%,1.4%,0.5%,0.4%,10.3%,4.8%,0.5%,4.8%,0.5%
Wajir,WAJIR,County,711571,379557,331969,198693,27.9%,105559,27.8%,93128,28.1%,58976,8.3%,35013,9.2%,23958,7.2%,20745,2.9%,12632,3.3%,8108,2.4%,513445,413225,12489,63433,39205,2785,53.3%,46.7%,-0.2%,2.0%,0.9%,8.9%,5.5%,0.4%,5.5%,0.4%
Wajir,BUNA,SubCounty,44083,23847,20234,9894,22.4%,5300,22.2%,4594,22.7%,2526,5.7%,1483,6.2%,1043,5.2%,940,2.1%,570,2.4%,370,1.8%,79063,75009,770,3425,2365,206,54.1%,45.9%,-0.5%,1.1%,0.6%,7.8%,5.4%,0.5%,5.4%,0.5%
Wajir,ELDAS,SubCounty,82187,41866,40314,21286,25.9%,11302,27.0%,9982,24.8%,7299,8.9%,4133,9.9%,3165,7.9%,3181,3.9%,1865,4.5%,1314,3.3%,66506,57884,2032,6975,4436,341,50.9%,49.1%,2.2%,2.0%,1.2%,8.5%,5.4%,0.4%,5.4%,0.4%
Wajir,HABASWEIN,SubCounty,158790,86244,72531,55778,35.1%,29614,34.3%,26164,36.1%,15607,9.8%,9328,10.8%,6277,8.7%,4956,3.1%,3111,3.6%,1844,2.5%,109998,69034,4928,19731,12383,884,54.3%,45.7%,-1.7%,2.2%,1.1%,12.4%,7.8%,0.6%,7.8%,0.6%
Wajir,TARBAJ,SubCounty,50653,24262,26386,9359,18.5%,4710,19.4%,4649,17.6%,1954,3.9%,1113,4.6%,841,3.2%,788,1.6%,460,1.9%,328,1.2%,96060,93399,187,4598,2484,113,47.9%,52.1%,1.8%,1.4%,0.7%,9.1%,4.9%,0.2%,4.9%,0.2%
Wajir,WAJIR EAST,SubCounty,101247,54136,47109,33610,33.2%,17987,33.2%,15622,33.2%,13681,13.5%,8358,15.4%,5322,11.3%,5076,5.0%,3166,5.8%,1909,4.1%,25136,18052,575,3113,1519,183,53.5%,46.5%,0.1%,4.1%,1.8%,3.1%,1.5%,0.2%,1.5%,0.2%
Wajir,WAJIR NORTH,SubCounty,55799,28905,26888,14282,25.6%,7446,25.8%,6835,25.4%,4029,7.2%,2357,8.2%,1671,6.2%,1307,2.3%,768,2.7%,538,2.0%,66163,59646,934,5288,4187,104,51.8%,48.2%,0.3%,1.9%,0.7%,9.5%,7.5%,0.2%,7.5%,0.2%
Wajir,WAJIR SOUTH,SubCounty,107634,60030,47602,30221,28.1%,16533,27.5%,13688,28.8%,7479,6.9%,4389,7.3%,3090,6.5%,2037,1.9%,1227,2.0%,810,1.7%,22752,13859,1066,11735,7106,596,55.8%,44.2%,-1.2%,0.8%,0.3%,10.9%,6.6%,0.6%,6.6%,0.6%
Wajir,WAJIR WEST,SubCounty,111178,60267,50905,24263,21.8%,12667,21.0%,11594,22.8%,6401,5.8%,3852,6.4%,2549,5.0%,2460,2.2%,1465,2.4%,995,2.0%,47766,26341,1996,8568,4725,358,54.2%,45.8%,-1.8%,1.4%,0.5%,7.7%,4.2%,0.3%,4.2%,0.3%
Mandera,MANDERA,County,775085,391182,383873,196119,25.3%,98094,25.1%,98018,25.5%,60710,7.8%,34564,8.8%,26142,6.8%,21044,2.7%,12207,3.1%,8833,2.3%,547731,414032,15528,62639,44434,1888,50.5%,49.5%,-0.5%,2.0%,0.8%,8.1%,5.7%,0.2%,5.7%,0.2%
Mandera,MANDERA WEST,SubCounty,86713,42666,44045,18341,21.2%,8963,21.0%,9378,21.3%,5246,6.0%,2954,6.9%,2292,5.2%,2100,2.4%,1189,2.8%,911,2.1%,48617,37659,4639,8737,7153,363,49.2%,50.8%,-0.3%,1.7%,0.7%,10.1%,8.2%,0.4%,8.2%,0.4%
Mandera,BANISA,SubCounty,135664,70366,65291,27866,20.5%,14124,20.1%,13741,21.0%,7283,5.4%,4169,5.9%,3113,4.8%,2557,1.9%,1498,2.1%,1059,1.6%,124859,116030,1581,14983,12895,425,51.9%,48.1%,-1.0%,1.2%,0.5%,11.0%,9.5%,0.3%,9.5%,0.3%
Mandera,KOTULO,SubCounty,63722,31894,31826,18955,29.7%,9601,30.1%,9352,29.4%,5182,8.1%,2863,9.0%,2317,7.3%,2568,4.0%,1435,4.5%,1131,3.6%,121497,81789,388,6881,3744,128,50.1%,49.9%,0.7%,1.7%,0.9%,10.8%,5.9%,0.2%,5.9%,0.2%
Mandera,LAFEY,SubCounty,74593,36424,38164,19447,26.1%,9564,26.3%,9883,25.9%,5873,7.9%,3113,8.5%,2760,7.2%,2583,3.5%,1313,3.6%,1270,3.3%,154947,112144,1625,7352,4868,128,48.8%,51.2%,0.4%,1.3%,0.3%,9.9%,6.5%,0.2%,6.5%,0.2%
Mandera,MANDERA CENTRAL,SubCounty,140725,64682,76039,38536,27.4%,18360,28.4%,20175,26.5%,14099,10.0%,7466,11.5%,6633,8.7%,4509,3.2%,2436,3.8%,2073,2.7%,51293,32659,750,8042,4097,238,46.0%,54.0%,1.9%,2.8%,1.0%,5.7%,2.9%,0.2%,2.9%,0.2%
Mandera,MANDERA EAST,SubCounty,144168,75335,68829,46607,32.3%,23984,31.8%,22620,32.9%,16132,11.2%,9938,13.2%,6193,9.0%,4733,3.3%,3143,4.2%,1588,2.3%,21901,16817,1804,7078,4632,417,52.3%,47.7%,-1.0%,4.2%,1.9%,4.9%,3.2%,0.3%,3.2%,0.3%
Mandera,MANDERA NORTH,SubCounty,129500,69815,59679,26367,20.4%,13498,19.3%,12869,21.6%,6895,5.3%,4061,5.8%,2834,4.7%,1994,1.5%,1193,1.7%,801,1.3%,24618,16935,4742,9566,7045,189,53.9%,46.1%,-2.2%,1.1%,0.4%,7.4%,5.4%,0.1%,5.4%,0.1%
Marsabit,MARSABIT,County,409629,215220,194392,118593,29.0%,62775,29.2%,55815,28.7%,34149,8.3%,21250,9.9%,12898,6.6%,12435,3.0%,8050,3.7%,4384,2.3%,86529,60308,3985,39167,26702,1118,52.5%,47.5%,0.5%,3.2%,1.5%,9.6%,6.5%,0.3%,6.5%,0.3%
Marsabit,LOIYANGALANI,SubCounty,31574,15401,16171,7210,22.8%,3531,22.9%,3678,22.7%,1468,4.6%,933,6.1%,535,3.3%,559,1.8%,363,2.4%,196,1.2%,21564,13355,203,4891,3029,46,48.8%,51.2%,0.2%,2.7%,1.1%,15.5%,9.6%,0.1%,9.6%,0.1%
Marsabit,MARSABIT CENTRAL,SubCounty,71619,36892,34716,27841,38.9%,14913,40.4%,12928,37.2%,11293,15.8%,6781,18.4%,4512,13.0%,4452,6.2%,2800,7.6%,1652,4.8%,8434,6895,826,4727,3832,364,51.5%,48.5%,3.2%,5.4%,2.8%,6.6%,5.4%,0.5%,5.4%,0.5%
Marsabit,MARSABIT NORTH,SubCounty,45650,24849,20800,15360,33.6%,8352,33.6%,7008,33.7%,2543,5.6%,1575,6.3%,968,4.7%,815,1.8%,553,2.2%,262,1.3%,7496,5204,735,6193,3878,184,54.4%,45.6%,-0.1%,1.7%,1.0%,13.6%,8.5%,0.4%,8.5%,0.4%
Marsabit,MARSABIT SOUTH,SubCounty,59493,30146,29347,14936,25.1%,7268,24.1%,7668,26.1%,3417,5.7%,2118,7.0%,1299,4.4%,1215,2.0%,811,2.7%,404,1.4%,12566,10831,1174,8620,6214,283,50.7%,49.3%,-2.0%,2.6%,1.3%,14.5%,10.4%,0.5%,10.4%,0.5%
Marsabit,MOYALE,SubCounty,97766,50613,47152,30148,30.8%,15904,31.4%,14243,30.2%,9977,10.2%,6295,12.4%,3682,7.8%,3294,3.4%,2099,4.1%,1195,2.5%,7543,5337,796,3823,2375,158,51.8%,48.2%,1.2%,4.6%,1.6%,3.9%,2.4%,0.2%,2.4%,0.2%
Marsabit,NORTH HORR,SubCounty,62863,35980,26881,14025,22.3%,7842,21.8%,6182,23.0%,3071,4.9%,1983,5.5%,1087,4.0%,1307,2.1%,882,2.5%,424,1.6%,23014,14319,203,7259,4791,50,57.2%,42.8%,-1.2%,1.5%,0.9%,11.5%,7.6%,0.1%,7.6%,0.1%
Marsabit,SOLOLO,SubCounty,40664,21339,19325,9073,22.3%,4965,23.3%,4108,21.3%,2380,5.9%,1565,7.3%,815,4.2%,793,2.0%,542,2.5%,251,1.3%,5912,4367,48,3654,2583,33,52.5%,47.5%,2.0%,3.1%,1.2%,9.0%,6.4%,0.1%,6.4%,0.1%
Isiolo,ISIOLO,County,245462,128141,117317,93772,38.2%,49650,38.7%,44122,37.6%,34780,14.2%,20665,16.1%,14114,12.0%,12860,5.2%,8036,6.3%,4824,4.1%,117310,99708,2855,24271,16854,1549,52.2%,47.8%,1.1%,4.1%,2.2%,9.9%,6.9%,0.6%,6.9%,0.6%
Isiolo,GARBATULLA,SubCounty,92227,50808,41418,28619,31.0%,15983,31.5%,12636,30.5%,7781,8.4%,4844,9.5%,2936,7.1%,2537,2.8%,1551,3.1%,986,2.4%,21301,16641,644,9264,5395,363,55.1%,44.9%,0.9%,2.4%,0.7%,10.0%,5.8%,0.4%,5.8%,0.4%
Isiolo,ISIOLO,SubCounty,110631,55148,55483,51064,46.2%,26035,47.2%,25029,45.1%,24135,21.8%,13964,25.3%,10171,18.3%,9383,8.5%,5873,10.6%,3510,6.3%,29649,24259,1897,8600,6765,985,49.8%,50.2%,2.1%,7.0%,4.3%,7.8%,6.1%,0.9%,6.1%,0.9%
Isiolo,MERTI,SubCounty,42604,22185,20416,14089,33.1%,7632,34.4%,6457,31.6%,2864,6.7%,1857,8.4%,1007,4.9%,940,2.2%,612,2.8%,328,1.6%,66359,58808,314,6407,4694,201,52.1%,47.9%,2.8%,3.4%,1.2%,15.0%,11.0%,0.5%,11.0%,0.5%
Meru,MERU,County,1436400,711224,725139,723173,50.3%,364131,51.2%,359025,49.5%,277161,19.3%,152727,21.5%,124427,17.2%,102691,7.1%,56339,7.9%,46347,6.4%,361272,310827,45753,274865,238707,30109,49.5%,50.5%,1.7%,4.3%,1.5%,19.1%,16.6%,2.1%,16.6%,2.1%
Meru,BUURI EAST,SubCounty,71784,35691,36093,42922,59.8%,21216,59.4%,21706,60.1%,15420,21.5%,8403,23.5%,7017,19.4%,6132,8.5%,3296,9.2%,2836,7.9%,25239,15237,9775,18061,14591,3038,49.7%,50.3%,-0.7%,4.1%,1.4%,25.2%,20.3%,4.2%,20.3%,4.2%
Meru,BUURI WEST,SubCounty,75344,37726,37616,45598,60.5%,22927,60.8%,22669,60.3%,18801,25.0%,10704,28.4%,8096,21.5%,6008,8.0%,3423,9.1%,2585,6.9%,9995,5704,4195,14939,10496,4154,50.1%,49.9%,0.5%,6.9%,2.2%,19.8%,13.9%,5.5%,13.9%,5.5%
Meru,IGEMBE CENTRAL,SubCounty,204412,102059,102349,86229,42.2%,45004,44.1%,41224,40.3%,30624,15.0%,17977,17.6%,12646,12.4%,7607,3.7%,4239,4.2%,3367,3.3%,114301,105614,8183,31946,29254,1822,49.9%,50.1%,3.8%,5.3%,0.9%,15.6%,14.3%,0.9%,14.3%,0.9%
Meru,IGEMBE NORTH,SubCounty,156536,76912,79620,59260,37.9%,30937,40.2%,28322,35.6%,21500,13.7%,12648,16.4%,8852,11.1%,6231,4.0%,3517,4.6%,2713,3.4%,32956,31106,610,22743,21676,483,49.1%,50.9%,4.7%,5.3%,1.2%,14.5%,13.8%,0.3%,13.8%,0.3%
Meru,IGEMBE SOUTH,SubCounty,149522,74030,75484,68964,46.1%,35519,48.0%,33443,44.3%,24765,16.6%,13519,18.3%,11246,14.9%,7657,5.1%,4202,5.7%,3455,4.6%,27032,23562,2433,21483,18488,2198,49.5%,50.5%,3.7%,3.4%,1.1%,14.4%,12.4%,1.5%,12.4%,1.5%
Meru,IMENTI NORTH,SubCounty,162829,80497,82328,104428,64.1%,51268,63.7%,53157,64.6%,55301,34.0%,28704,35.7%,26594,32.3%,26579,16.3%,14075,17.5%,12503,15.2%,18498,13353,4920,27839,23568,3645,49.4%,50.6%,-0.9%,3.4%,2.3%,17.1%,14.5%,2.2%,14.5%,2.2%
Meru,IMENTI SOUTH,SubCounty,193742,96744,96993,114730,59.2%,57067,59.0%,57659,59.4%,44896,23.2%,23908,24.7%,20987,21.6%,17772,9.2%,9525,9.8%,8246,8.5%,37108,30715,6090,46386,39295,6496,49.9%,50.1%,-0.5%,3.1%,1.3%,23.9%,20.3%,3.4%,20.3%,3.4%
Meru,MERU CENTRAL,SubCounty,125670,62757,62910,71605,57.0%,35980,57.3%,35623,56.6%,25495,20.3%,14042,22.4%,11453,18.2%,10038,8.0%,5468,8.7%,4570,7.3%,22804,18100,4501,31894,26756,4725,49.9%,50.1%,0.7%,4.2%,1.4%,25.4%,21.3%,3.8%,21.3%,3.8%
Meru,TIGANIA CENTRAL,SubCounty,97405,48073,49332,39876,40.9%,20704,43.1%,19172,38.9%,11279,11.6%,6518,13.6%,4761,9.7%,3957,4.1%,2266,4.7%,1691,3.4%,19119,16353,2552,18982,16497,1971,49.4%,50.6%,4.2%,3.9%,1.3%,19.5%,16.9%,2.0%,16.9%,2.0%
Meru,TIGANIA EAST,SubCounty,67622,32914,34705,27824,41.1%,13628,41.4%,14196,40.9%,9323,13.8%,5258,16.0%,4065,11.7%,3143,4.6%,1868,5.7%,1275,3.7%,18292,17335,679,12186,11528,330,48.7%,51.3%,0.5%,4.3%,2.0%,18.0%,17.0%,0.5%,17.0%,0.5%
Meru,TIGANIA WEST,SubCounty,130798,63209,67585,61200,46.8%,29433,46.6%,31765,47.0%,19485,14.9%,10827,17.1%,8657,12.8%,7495,5.7%,4406,7.0%,3088,4.6%,35831,33725,1740,28224,26507,1117,48.3%,51.7%,-0.4%,4.3%,2.4%,21.6%,20.3%,0.9%,20.3%,0.9%
Meru,MERU NATIONAL PARK,SubCounty,294,219,75,251,85.4%,197,90.0%,54,72.0%,214,72.8%,172,78.5%,42,56.0%,51,17.3%,38,17.4%,13,17.3%,2,2,NA,3,3,NA,74.5%,25.5%,18.0%,22.5%,0.0%,1.0%,1.0%,"NA",1.0%,"NA"
Meru,MT. KENYA FOREST,SubCounty,442,393,49,286,64.7%,251,63.9%,35,71.4%,58,13.1%,47,12.0%,11,22.4%,21,4.8%,16,4.1%,5,10.2%,95,22,74,179,48,130,88.9%,11.1%,-7.6%,-10.5%,-6.1%,40.5%,10.9%,29.4%,10.9%,29.4%
Tharaka-nithi,THARAKA-NITHI,County,367574,180692,186875,188394,51.3%,93265,51.6%,95125,50.9%,69154,18.8%,36971,20.5%,32180,17.2%,29987,8.2%,16260,9.0%,13727,7.3%,147710,134102,12281,85767,78456,6073,49.2%,50.8%,0.7%,3.2%,1.7%,23.3%,21.3%,1.7%,21.3%,1.7%
Tharaka-nithi,IGAMBANG'OMBE,SubCounty,49368,24367,25000,23138,46.9%,11566,47.5%,11571,46.3%,6112,12.4%,3457,14.2%,2654,10.6%,2152,4.4%,1217,5.0%,935,3.7%,19752,18764,895,12254,11694,409,49.4%,50.6%,1.2%,3.6%,1.3%,24.8%,23.7%,0.8%,23.7%,0.8%
Tharaka-nithi,MAARA,SubCounty,108517,54491,54026,62921,58.0%,31246,57.3%,31675,58.6%,24682,22.7%,12842,23.6%,11840,21.9%,9977,9.2%,5274,9.7%,4703,8.7%,42658,36883,5444,27526,24679,2488,50.2%,49.8%,-1.3%,1.7%,1.0%,25.4%,22.7%,2.3%,22.7%,2.3%
Tharaka-nithi,MERU SOUTH,SubCounty,85236,41988,43246,51994,61.0%,25381,60.4%,26612,61.5%,23125,27.1%,12006,28.6%,11118,25.7%,11605,13.6%,6199,14.8%,5406,12.5%,34594,32083,2204,19251,17341,1661,49.3%,50.7%,-1.1%,2.9%,2.3%,22.6%,20.3%,1.9%,20.3%,1.9%
Tharaka-nithi,THARAKA NORTH,SubCounty,54321,26290,28029,20006,36.8%,10344,39.3%,9661,34.5%,5073,9.3%,3013,11.5%,2060,7.3%,1707,3.1%,1013,3.9%,694,2.5%,27620,25979,1439,11402,10784,420,48.4%,51.6%,4.9%,4.1%,1.4%,21.0%,19.9%,0.8%,19.9%,0.8%
Tharaka-nithi,THARAKA SOUTH,SubCounty,69972,33482,36488,30200,43.2%,14668,43.8%,15531,42.6%,10053,14.4%,5610,16.8%,4442,12.2%,4486,6.4%,2532,7.6%,1954,5.4%,23085,20393,2298,15330,13957,1092,47.9%,52.1%,1.2%,4.6%,2.2%,21.9%,19.9%,1.6%,19.9%,1.6%
Tharaka-nithi,MT. KENYA FOREST,SubCounty,160,74,86,135,84.4%,60,81.1%,75,87.2%,109,68.1%,43,58.1%,66,76.7%,60,37.5%,25,33.8%,35,40.7%,2,NA,2,4,1,3,46.2%,53.8%,-6.1%,-18.6%,-6.9%,2.5%,0.6%,1.9%,0.6%,1.9%
Embu,EMBU,County,568228,283024,285182,323700,57.0%,159715,56.4%,163970,57.5%,125572,22.1%,66829,23.6%,58737,20.6%,53649,9.4%,28913,10.2%,24733,8.7%,122114,105151,16259,130990,113678,15674,49.8%,50.2%,-1.1%,3.0%,1.5%,23.1%,20.0%,2.8%,20.0%,2.8%
Embu,EMBU EAST,SubCounty,122079,60807,61270,70942,58.1%,34622,56.9%,36318,59.3%,25056,20.5%,13406,22.0%,11650,19.0%,10935,9.0%,5940,9.8%,4995,8.2%,23349,20288,2964,31674,27672,3638,49.8%,50.2%,-2.3%,3.0%,1.6%,25.9%,22.7%,3.0%,22.7%,3.0%
Embu,EMBU NORTH,SubCounty,75194,37443,37748,44732,59.5%,21931,58.6%,22799,60.4%,16268,21.6%,8939,23.9%,7329,19.4%,7232,9.6%,4045,10.8%,3187,8.4%,16905,13007,3837,18854,14014,4629,49.8%,50.2%,-1.8%,4.5%,2.4%,25.1%,18.6%,6.2%,18.6%,6.2%
Embu,EMBU WEST,SubCounty,116797,57297,59491,76974,65.9%,37269,65.0%,39697,66.7%,40813,34.9%,20467,35.7%,20340,34.2%,20627,17.7%,10684,18.6%,9940,16.7%,15299,11922,3294,21166,17710,3132,49.1%,50.9%,-1.7%,1.5%,1.9%,18.1%,15.2%,2.7%,15.2%,2.7%
Embu,MBEERE SOUTH,SubCounty,152697,77699,74993,80789,52.9%,41124,52.9%,39662,52.9%,27340,17.9%,15139,19.5%,12201,16.3%,8782,5.8%,4872,6.3%,3910,5.2%,45634,40574,4712,35511,31957,3062,50.9%,49.1%,0.0%,3.2%,1.1%,23.3%,20.9%,2.0%,20.9%,2.0%
Embu,MBEERE NORTH,SubCounty,101440,49760,51677,50242,49.5%,24751,49.7%,25491,49.3%,16080,15.9%,8865,17.8%,7215,14.0%,6066,6.0%,3367,6.8%,2699,5.2%,20928,19360,1453,23785,22325,1213,49.1%,50.9%,0.4%,3.9%,1.5%,23.4%,22.0%,1.2%,22.0%,1.2%
Embu,MT. KENYA FOREST,SubCounty,21,18,3,21,100.0%,18,100.0%,3,100.0%,15,71.4%,13,72.2%,2,66.7%,7,33.3%,5,27.8%,2,66.7%,NA,NA,NA,NA,NA,NA,85.7%,14.3%,0.0%,5.6%,-38.9%,"NA","NA","NA","NA","NA"
Kitui,KITUI,County,1056907,508247,548634,452948,42.9%,210760,41.5%,242178,44.1%,143340,13.6%,76701,15.1%,66636,12.1%,51579,4.9%,28643,5.6%,22934,4.2%,410703,389785,16190,215322,206970,5223,48.1%,51.9%,-2.7%,2.9%,1.5%,20.4%,19.6%,0.5%,19.6%,0.5%
Kitui,IKUTHA,SubCounty,77563,37282,40281,28363,36.6%,13056,35.0%,15307,38.0%,7569,9.8%,4211,11.3%,3358,8.3%,2527,3.3%,1446,3.9%,1081,2.7%,37563,34261,2806,14236,13154,796,48.1%,51.9%,-3.0%,3.0%,1.2%,18.4%,17.0%,1.0%,17.0%,1.0%
Kitui,KATULANI,SubCounty,44328,21770,22557,21392,48.3%,10100,46.4%,11291,50.1%,6951,15.7%,3691,17.0%,3260,14.5%,2418,5.5%,1349,6.2%,1069,4.7%,14642,14038,512,10717,10539,116,49.1%,50.9%,-3.7%,2.5%,1.5%,24.2%,23.8%,0.3%,23.8%,0.3%
Kitui,KISASI,SubCounty,43226,21140,22086,18824,43.5%,8707,41.2%,10117,45.8%,5124,11.9%,2767,13.1%,2357,10.7%,1409,3.3%,811,3.8%,598,2.7%,17201,16783,354,9797,9647,104,48.9%,51.1%,-4.6%,2.4%,1.1%,22.7%,22.3%,0.2%,22.3%,0.2%
Kitui,KITUI CENTRAL,SubCounty,97406,47435,49968,53137,54.6%,25179,53.1%,27955,55.9%,24129,24.8%,12224,25.8%,11905,23.8%,10163,10.4%,5350,11.3%,4813,9.6%,17379,16116,968,17146,16598,380,48.7%,51.3%,-2.9%,1.9%,1.6%,17.6%,17.0%,0.4%,17.0%,0.4%
Kitui,KITUI WEST,SubCounty,66202,31558,34643,32561,49.2%,14822,47.0%,17739,51.2%,11587,17.5%,6010,19.0%,5577,16.1%,4063,6.1%,2236,7.1%,1827,5.3%,24311,22658,1565,15208,14819,299,47.7%,52.3%,-4.2%,2.9%,1.8%,23.0%,22.4%,0.5%,22.4%,0.5%
Kitui,KYUSO,SubCounty,71052,33864,37187,27089,38.1%,12630,37.3%,14459,38.9%,6949,9.8%,3894,11.5%,3055,8.2%,2443,3.4%,1385,4.1%,1058,2.8%,34421,32325,1498,14021,13221,439,47.7%,52.3%,-1.6%,3.3%,1.2%,19.7%,18.6%,0.6%,18.6%,0.6%
Kitui,LOWER YATTA,SubCounty,59184,29535,29649,27203,46.0%,13333,45.1%,13870,46.8%,8568,14.5%,4804,16.3%,3764,12.7%,2816,4.8%,1631,5.5%,1185,4.0%,35116,33515,1344,12281,11767,367,49.9%,50.1%,-1.6%,3.6%,1.5%,20.8%,19.9%,0.6%,19.9%,0.6%
Kitui,MATINYANI,SubCounty,44779,21869,22909,21678,48.4%,10140,46.4%,11538,50.4%,7011,15.7%,3807,17.4%,3204,14.0%,2454,5.5%,1381,6.3%,1073,4.7%,13569,13258,208,10531,10321,105,48.8%,51.2%,-4.0%,3.4%,1.6%,23.5%,23.0%,0.2%,23.0%,0.2%
Kitui,MIGWANI,SubCounty,73803,34807,38993,35851,48.6%,16067,46.2%,19782,50.7%,11547,15.6%,6105,17.5%,5441,14.0%,4047,5.5%,2217,6.4%,1829,4.7%,24625,23378,1121,17012,16535,367,47.2%,52.8%,-4.6%,3.6%,1.7%,23.1%,22.4%,0.5%,22.4%,0.5%
Kitui,MUMONI,SubCounty,27319,12732,14587,10778,39.5%,4910,38.6%,5868,40.2%,3126,11.4%,1711,13.4%,1415,9.7%,960,3.5%,570,4.5%,390,2.7%,10146,9875,185,5646,5493,84,46.6%,53.4%,-1.7%,3.7%,1.8%,20.7%,20.1%,0.3%,20.1%,0.3%
Kitui,MUTITU,SubCounty,51464,24422,27040,17394,33.8%,7976,32.7%,9418,34.8%,4526,8.8%,2476,10.1%,2050,7.6%,1597,3.1%,881,3.6%,716,2.6%,22408,21522,570,9766,9348,180,47.5%,52.5%,-2.2%,2.6%,1.0%,19.0%,18.2%,0.3%,18.2%,0.3%
Kitui,MUTITU NORTH,SubCounty,19815,9620,10194,8288,41.8%,3832,39.8%,4456,43.7%,2171,11.0%,1152,12.0%,1019,10.0%,817,4.1%,465,4.8%,352,3.5%,8432,8090,256,4303,4138,93,48.5%,51.4%,-3.9%,2.0%,1.4%,21.7%,20.9%,0.5%,20.9%,0.5%
Kitui,MUTOMO,SubCounty,105422,50656,54761,36746,34.9%,17104,33.8%,19640,35.9%,10975,10.4%,5925,11.7%,5049,9.2%,3986,3.8%,2284,4.5%,1702,3.1%,46944,45213,1370,19832,19155,461,48.1%,51.9%,-2.1%,2.5%,1.4%,18.8%,18.2%,0.4%,18.2%,0.4%
Kitui,MWINGI CENTRAL,SubCounty,100501,48132,52369,46029,45.8%,21262,44.2%,24767,47.3%,15197,15.1%,7951,16.5%,7246,13.8%,5672,5.6%,3089,6.4%,2583,4.9%,33281,31279,1614,19371,18293,687,47.9%,52.1%,-3.1%,2.7%,1.5%,19.3%,18.2%,0.7%,18.2%,0.7%
Kitui,MWINGI EAST,SubCounty,79205,37382,41818,29666,37.5%,13296,35.6%,16368,39.1%,7304,9.2%,4005,10.7%,3298,7.9%,2323,2.9%,1325,3.5%,997,2.4%,32459,30624,900,15945,15087,350,47.2%,52.8%,-3.6%,2.8%,1.2%,20.1%,19.0%,0.4%,19.0%,0.4%
Kitui,NZAMBANI,SubCounty,43682,21356,22324,19950,45.7%,9479,44.4%,10471,46.9%,6313,14.5%,3419,16.0%,2894,13.0%,2337,5.4%,1299,6.1%,1038,4.6%,10115,9799,259,9189,8964,158,48.9%,51.1%,-2.5%,3.0%,1.4%,21.0%,20.5%,0.4%,20.5%,0.4%
Kitui,THAGICU,SubCounty,14025,6591,7433,4857,34.6%,2407,36.5%,2450,33.0%,1127,8.0%,683,10.4%,444,6.0%,450,3.2%,261,4.0%,189,2.5%,7576,7383,119,2968,2876,40,47.0%,53.0%,3.6%,4.4%,1.4%,21.2%,20.5%,0.3%,20.5%,0.3%
Kitui,TSEIKURU,SubCounty,37931,18096,19835,13142,34.6%,6460,35.7%,6682,33.7%,3166,8.3%,1866,10.3%,1300,6.6%,1097,2.9%,663,3.7%,434,2.2%,20517,19668,541,7353,7015,197,47.7%,52.3%,2.0%,3.8%,1.5%,19.4%,18.5%,0.5%,18.5%,0.5%
Machakos,MACHAKOS,County,1327172,661982,665162,748673,56.4%,366764,55.4%,381894,57.4%,342005,25.8%,181709,27.4%,160291,24.1%,156435,11.8%,85368,12.9%,71065,10.7%,268694,248201,17610,231341,220575,8203,49.9%,50.1%,-2.0%,3.4%,2.2%,17.4%,16.6%,0.6%,16.6%,0.6%
Machakos,ATHI RIVER,SubCounty,295790,150511,145277,204354,69.1%,105551,70.1%,98802,68.0%,142746,48.3%,75434,50.1%,67312,46.3%,77316,26.1%,41515,27.6%,35801,24.6%,13342,10257,2766,13071,10871,1723,50.9%,49.1%,2.1%,3.8%,2.9%,4.4%,3.7%,0.6%,3.7%,0.6%
Machakos,KALAMA,SubCounty,51542,25273,26264,26890,52.2%,12743,50.4%,14144,53.9%,8266,16.0%,4512,17.9%,3754,14.3%,2754,5.3%,1578,6.2%,1176,4.5%,12993,12580,360,11334,11118,137,49.0%,51.0%,-3.4%,3.6%,1.8%,22.0%,21.6%,0.3%,21.6%,0.3%
Machakos,KANGUNDO,SubCounty,92505,45935,46569,48955,52.9%,23248,50.6%,25706,55.2%,15904,17.2%,8680,18.9%,7224,15.5%,6212,6.7%,3534,7.7%,2678,5.8%,14667,13418,1198,23045,22422,550,49.7%,50.3%,-4.6%,3.4%,1.9%,24.9%,24.2%,0.6%,24.2%,0.6%
Machakos,KATHIANI,SubCounty,105562,51709,53849,52849,50.1%,24824,48.0%,28023,52.0%,15883,15.0%,8847,17.1%,7035,13.1%,6570,6.2%,3750,7.3%,2820,5.2%,17802,16497,1174,24578,23477,855,49.0%,51.0%,-4.0%,4.0%,2.0%,23.3%,22.2%,0.8%,22.2%,0.8%
Machakos,MACHAKOS,SubCounty,158036,78763,79267,97746,61.9%,47906,60.8%,49837,62.9%,49485,31.3%,25554,32.4%,23930,30.2%,22269,14.1%,11932,15.1%,10336,13.0%,23411,20555,2562,26753,25369,1067,49.8%,50.2%,-2.0%,2.3%,2.1%,16.9%,16.1%,0.7%,16.1%,0.7%
Machakos,MASINGA,SubCounty,138933,68657,70274,66702,48.0%,31700,46.2%,35001,49.8%,20200,14.5%,10905,15.9%,9294,13.2%,6955,5.0%,3957,5.8%,2997,4.3%,47070,44440,1975,30328,29106,825,49.4%,50.6%,-3.6%,2.7%,1.5%,21.8%,20.9%,0.6%,20.9%,0.6%
Machakos,MATUNGULU,SubCounty,151535,76123,75408,81182,53.6%,39864,52.4%,41316,54.8%,32446,21.4%,17059,22.4%,15386,20.4%,13898,9.2%,7659,10.1%,6239,8.3%,28477,25596,2696,29763,28114,1327,50.2%,49.8%,-2.4%,2.0%,1.8%,19.6%,18.6%,0.9%,18.6%,0.9%
Machakos,MWALA,SubCounty,171999,85399,86597,88158,51.3%,41675,48.8%,46482,53.7%,29042,16.9%,15561,18.2%,13481,15.6%,10350,6.0%,5828,6.8%,4522,5.2%,61328,58703,2391,39928,39173,613,49.7%,50.3%,-4.9%,2.7%,1.6%,23.2%,22.8%,0.4%,22.8%,0.4%
Machakos,YATTA,SubCounty,161270,79612,81657,81837,50.7%,39253,49.3%,42583,52.1%,28033,17.4%,15157,19.0%,12875,15.8%,10111,6.3%,5615,7.1%,4496,5.5%,49605,46156,2490,32541,30925,1106,49.4%,50.6%,-2.8%,3.3%,1.5%,20.2%,19.2%,0.7%,19.2%,0.7%
Makueni,MAKUENI,County,921168,453946,467204,451528,49.0%,217271,47.9%,234251,50.1%,148699,16.1%,81851,18.0%,66845,14.3%,56473,6.1%,32092,7.1%,24380,5.2%,303089,281186,18730,193531,183660,7587,49.3%,50.7%,-2.3%,3.7%,1.9%,21.0%,19.9%,0.8%,19.9%,0.8%
Makueni,KATHONZWENI,SubCounty,74893,36846,38044,36271,48.4%,17312,47.0%,18957,49.8%,10686,14.3%,5965,16.2%,4721,12.4%,3722,5.0%,2118,5.7%,1604,4.2%,36768,34901,1628,15666,15003,508,49.2%,50.8%,-2.8%,3.8%,1.5%,20.9%,20.0%,0.7%,20.0%,0.7%
Makueni,KIBWEZI,SubCounty,182688,90350,92334,83492,45.7%,40466,44.8%,43024,46.6%,26340,14.4%,14721,16.3%,11617,12.6%,10102,5.5%,5862,6.5%,4239,4.6%,67035,61516,3927,33820,31503,1463,49.5%,50.5%,-1.8%,3.7%,1.9%,18.5%,17.2%,0.8%,17.2%,0.8%
Makueni,KILUNGU,SubCounty,57412,27241,30170,26387,46.0%,12116,44.5%,14271,47.3%,8301,14.5%,4589,16.8%,3712,12.3%,2931,5.1%,1701,6.2%,1230,4.1%,11058,10398,519,12881,12473,302,47.4%,52.5%,-2.8%,4.5%,2.2%,22.4%,21.7%,0.5%,21.7%,0.5%
Makueni,MAKINDU,SubCounty,78427,38462,39965,38603,49.2%,18435,47.9%,20168,50.5%,12925,16.5%,6926,18.0%,5999,15.0%,5199,6.6%,2859,7.4%,2340,5.9%,30828,28458,1970,14334,13061,942,49.0%,51.0%,-2.5%,3.0%,1.6%,18.3%,16.7%,1.2%,16.7%,1.2%
Makueni,MAKUENI,SubCounty,121484,60589,60893,66350,54.6%,32712,54.0%,33638,55.2%,27646,22.8%,14765,24.4%,12881,21.2%,11563,9.5%,6330,10.4%,5233,8.6%,35920,31836,3886,26021,24318,1562,49.9%,50.1%,-1.3%,3.2%,1.9%,21.4%,20.0%,1.3%,20.0%,1.3%
Makueni,MBOONI EAST,SubCounty,92210,45311,46896,45517,49.4%,21318,47.0%,24199,51.6%,13449,14.6%,7367,16.3%,6082,13.0%,4609,5.0%,2624,5.8%,1985,4.2%,31148,29605,1452,21461,20794,562,49.1%,50.9%,-4.6%,3.3%,1.6%,23.3%,22.6%,0.6%,22.6%,0.6%
Makueni,MBOONI WEST,SubCounty,96464,46405,50058,45536,47.2%,20880,45.0%,24655,49.3%,12795,13.3%,7152,15.4%,5642,11.3%,4835,5.0%,2774,6.0%,2061,4.1%,23917,23231,608,22069,21506,417,48.1%,51.9%,-4.3%,4.1%,1.9%,22.9%,22.3%,0.4%,22.3%,0.4%
Makueni,MUKAA,SubCounty,100143,50574,49569,52311,52.2%,26394,52.2%,25917,52.3%,17156,17.1%,9624,19.0%,7532,15.2%,6558,6.5%,3778,7.5%,2780,5.6%,27874,26019,1581,22133,21339,542,50.5%,49.5%,-0.1%,3.8%,1.9%,22.1%,21.3%,0.5%,21.3%,0.5%
Makueni,NZAUI,SubCounty,117447,58168,59275,57061,48.6%,27638,47.5%,29422,49.6%,19401,16.5%,10742,18.5%,8659,14.6%,6954,5.9%,4046,7.0%,2908,4.9%,38541,35223,3161,25146,23663,1289,49.5%,50.5%,-2.1%,3.9%,2.0%,21.4%,20.1%,1.1%,20.1%,1.1%
Nyandarua,NYANDARUA,County,594649,292917,301715,327013,55.0%,158844,54.2%,168160,55.7%,122388,20.6%,69255,23.6%,53132,17.6%,45701,7.7%,25730,8.8%,19970,6.6%,97254,69496,27102,140854,107997,31613,49.3%,50.7%,-1.5%,6.0%,2.2%,23.7%,18.2%,5.3%,18.2%,5.3%
Nyandarua,KINANGOP,SubCounty,103793,50836,52953,56632,54.6%,27314,53.7%,29315,55.4%,21049,20.3%,11840,23.3%,9209,17.4%,6258,6.0%,3553,7.0%,2705,5.1%,12888,6134,6630,23636,13116,10220,49.0%,51.0%,-1.6%,5.9%,1.9%,22.8%,12.6%,9.8%,12.6%,9.8%
Nyandarua,NYANDARUA SOUTH,SubCounty,87189,42802,44384,48101,55.2%,23287,54.4%,24811,55.9%,18840,21.6%,10564,24.7%,8275,18.6%,6918,7.9%,3871,9.0%,3047,6.9%,13305,8895,4122,20400,15324,4781,49.1%,50.9%,-1.5%,6.0%,2.2%,23.4%,17.6%,5.5%,17.6%,5.5%
Nyandarua,MIRANGINE,SubCounty,62731,31220,31510,32150,51.3%,15958,51.1%,16192,51.4%,10329,16.5%,6070,19.4%,4259,13.5%,3533,5.6%,1995,6.4%,1538,4.9%,9803,6517,3249,14488,10901,3519,49.8%,50.2%,-0.3%,5.9%,1.5%,23.1%,17.4%,5.6%,17.4%,5.6%
Nyandarua,KIPIPIRI,SubCounty,87881,43161,44718,45878,52.2%,22316,51.7%,23561,52.7%,13873,15.8%,8260,19.1%,5613,12.6%,4958,5.6%,2829,6.6%,2129,4.8%,15322,12633,2627,21702,18612,2950,49.1%,50.9%,-1.0%,6.6%,1.8%,24.7%,21.2%,3.4%,21.2%,3.4%
Nyandarua,NYANDARUA CENTRAL,SubCounty,69596,34508,35087,39309,56.5%,19249,55.8%,20060,57.2%,16715,24.0%,9345,27.1%,7370,21.0%,6955,10.0%,3838,11.1%,3117,8.9%,10479,6936,3509,16111,12938,3081,49.6%,50.4%,-1.4%,6.1%,2.2%,23.1%,18.6%,4.4%,18.6%,4.4%
Nyandarua,NYANDARUA WEST,SubCounty,91217,45240,45973,52899,58.0%,25734,56.9%,27164,59.1%,22172,24.3%,12419,27.5%,9753,21.2%,9015,9.9%,5201,11.5%,3814,8.3%,12278,8555,3691,21047,17306,3587,49.6%,50.4%,-2.2%,6.2%,3.2%,23.1%,19.0%,3.9%,19.0%,3.9%
Nyandarua,NYANDARUA NORTH,SubCounty,92228,45140,47086,52030,56.4%,24976,55.3%,27053,57.5%,19397,21.0%,10748,23.8%,8649,18.4%,8058,8.7%,4438,9.8%,3619,7.7%,23179,19825,3274,23468,19799,3474,48.9%,51.1%,-2.1%,5.4%,2.1%,25.4%,21.5%,3.8%,21.5%,3.8%
Nyandarua,ABERDARE NATIONAL PARK,SubCounty,14,10,4,14,100.0%,10,100.0%,4,100.0%,13,92.9%,9,90.0%,4,100.0%,6,42.9%,5,50.0%,1,25.0%,NA,1,NA,2,1,1,71.4%,28.6%,0.0%,-10.0%,25.0%,14.3%,7.1%,7.1%,7.1%,7.1%
Nyeri,NYERI,County,709353,348266,361061,454881,64.1%,220124,63.2%,234736,65.0%,211807,29.9%,112479,32.3%,99319,27.5%,97427,13.7%,52982,15.2%,44443,12.3%,98512,81690,16107,164229,140838,21590,49.1%,50.9%,-1.8%,4.8%,2.9%,23.2%,19.9%,3.0%,19.9%,3.0%
Nyeri,TETU,SubCounty,75931,37083,38846,48081,63.3%,23044,62.1%,25035,64.4%,19846,26.1%,10663,28.8%,9182,23.6%,8515,11.2%,4649,12.5%,3866,10.0%,10341,9538,758,20387,19221,1020,48.8%,51.2%,-2.3%,5.1%,2.6%,26.8%,25.3%,1.3%,25.3%,1.3%
Nyeri,KIENI EAST,SubCounty,102812,51442,51366,65100,63.3%,32554,63.3%,32542,63.4%,30633,29.8%,16703,32.5%,13928,27.1%,12721,12.4%,6967,13.5%,5754,11.2%,13065,9206,3633,23138,17469,5230,50.0%,50.0%,-0.1%,5.4%,2.3%,22.5%,17.0%,5.1%,17.0%,5.1%
Nyeri,KIENI WEST,SubCounty,82829,41026,41798,49810,60.1%,24457,59.6%,25348,60.6%,18395,22.2%,10330,25.2%,8062,19.3%,6655,8.0%,3735,9.1%,2920,7.0%,14270,11309,2820,21942,18038,3617,49.5%,50.5%,-1.0%,5.9%,2.1%,26.5%,21.8%,4.4%,21.8%,4.4%
Nyeri,MATHIRA EAST,SubCounty,93027,44995,48029,61687,66.3%,29394,65.3%,32290,67.2%,30255,32.5%,15678,34.8%,14576,30.3%,14589,15.7%,7952,17.7%,6637,13.8%,10289,6543,3685,20473,15265,4962,48.4%,51.6%,-1.9%,4.5%,3.9%,22.0%,16.4%,5.3%,16.4%,5.3%
Nyeri,MATHIRA WEST,SubCounty,56676,27860,28813,35719,63.0%,17067,61.3%,18649,64.7%,13896,24.5%,7333,26.3%,6562,22.8%,5599,9.9%,3018,10.8%,2581,9.0%,8146,7122,969,15919,14437,1349,49.2%,50.8%,-3.5%,3.5%,1.9%,28.1%,25.5%,2.4%,25.5%,2.4%
Nyeri,NYERI SOUTH,SubCounty,85827,41443,44383,54067,63.0%,25610,61.8%,28457,64.1%,22260,25.9%,11843,28.6%,10417,23.5%,9472,11.0%,5166,12.5%,4306,9.7%,19597,18358,1200,21243,19146,1970,48.3%,51.7%,-2.3%,5.1%,2.8%,24.8%,22.3%,2.3%,22.3%,2.3%
Nyeri,MUKURWE-INI,SubCounty,83933,41386,42541,51594,61.5%,24717,59.7%,26873,63.2%,19055,22.7%,10313,24.9%,8742,20.5%,8529,10.2%,4840,11.7%,3689,8.7%,12954,11812,1057,22973,21254,1555,49.3%,50.7%,-3.4%,4.4%,3.0%,27.4%,25.3%,1.9%,25.3%,1.9%
Nyeri,NYERI CENTRAL,SubCounty,128041,62843,65196,88599,69.2%,43125,68.6%,45474,69.7%,57316,44.8%,29512,47.0%,27803,42.6%,31262,24.4%,16599,26.4%,14661,22.5%,9829,7799,1969,18108,15996,1853,49.1%,50.9%,-1.1%,4.3%,3.9%,14.1%,12.5%,1.4%,12.5%,1.4%
Nyeri,MT. KENYA FOREST,SubCounty,178,118,60,132,74.2%,92,78.0%,40,66.7%,73,41.0%,50,42.4%,23,38.3%,42,23.6%,25,21.2%,17,28.3%,19,3,16,44,12,32,66.3%,33.7%,11.3%,4.0%,-7.1%,24.7%,6.7%,18.0%,6.7%,18.0%
Nyeri,ABERDARE FOREST,SubCounty,99,70,29,92,92.9%,64,91.4%,28,96.6%,78,78.8%,54,77.1%,24,82.8%,43,43.4%,31,44.3%,12,41.4%,2,NA,2,2,NA,2,70.7%,29.3%,-5.1%,-5.6%,2.9%,2.0%,"NA",2.0%,"NA",2.0%
Kirinyaga,KIRINYAGA,County,571312,281556,289729,350182,61.3%,171114,60.8%,179053,61.8%,137563,24.1%,73577,26.1%,63977,22.1%,55510,9.7%,30794,10.9%,24715,8.5%,80166,52890,26670,139866,96666,41035,49.3%,50.7%,-1.0%,4.1%,2.4%,24.5%,16.9%,7.2%,16.9%,7.2%
Kirinyaga,KIRINYAGA CENTRAL,SubCounty,114807,55919,58884,73218,63.8%,35262,63.1%,37954,64.5%,32210,28.1%,16912,30.2%,15297,26.0%,14786,12.9%,7974,14.3%,6812,11.6%,18927,14525,4127,27890,20748,6736,48.7%,51.3%,-1.4%,4.3%,2.7%,24.3%,18.1%,5.9%,18.1%,5.9%
Kirinyaga,KIRINYAGA EAST,SubCounty,127964,63267,64689,79263,61.9%,38951,61.6%,40306,62.3%,28245,22.1%,15600,24.7%,12642,19.5%,10917,8.5%,6183,9.8%,4734,7.3%,17978,11157,6744,36150,23747,12029,49.4%,50.6%,-0.7%,5.1%,2.5%,28.3%,18.6%,9.4%,18.6%,9.4%
Kirinyaga,KIRINYAGA WEST,SubCounty,107763,52630,55129,66314,61.5%,31850,60.5%,34463,62.5%,26981,25.0%,14332,27.2%,12649,22.9%,11750,10.9%,6526,12.4%,5224,9.5%,13649,9705,3866,27280,20348,6632,48.8%,51.2%,-2.0%,4.3%,2.9%,25.3%,18.9%,6.2%,18.9%,6.2%
Kirinyaga,MWEA EAST,SubCounty,122344,60740,61598,74416,60.8%,36804,60.6%,37608,61.1%,30098,24.6%,15721,25.9%,14374,23.3%,11147,9.1%,6141,10.1%,5005,8.1%,15919,9438,6370,25729,16823,8236,49.6%,50.3%,-0.5%,2.5%,2.0%,21.0%,13.8%,6.7%,13.8%,6.7%
Kirinyaga,MWEA WEST,SubCounty,98400,48976,49419,56940,57.9%,28224,57.6%,28714,58.1%,20009,20.3%,10996,22.5%,9011,18.2%,6901,7.0%,3962,8.1%,2939,5.9%,13692,8066,5561,22809,14999,7395,49.8%,50.2%,-0.5%,4.2%,2.1%,23.2%,15.2%,7.5%,15.2%,7.5%
Kirinyaga,MT. KENYA FOREST,SubCounty,34,24,10,31,91.2%,23,95.8%,8,80.0%,20,58.8%,16,66.7%,4,40.0%,9,26.5%,8,33.3%,1,10.0%,1,NA,1,8,1,7,70.6%,29.4%,15.8%,26.7%,23.3%,23.5%,2.9%,20.6%,2.9%,20.6%
Murang'a,MURANG'A,County,988224,488689,499505,567538,57.4%,274225,56.1%,293301,58.7%,204760,20.7%,111466,22.8%,93286,18.7%,80287,8.1%,44903,9.2%,35380,7.1%,140189,125257,14009,231400,211655,17893,49.5%,50.5%,-2.6%,4.1%,2.1%,23.4%,21.4%,1.8%,21.4%,1.8%
Murang'a,MURANG'A EAST,SubCounty,101606,49826,51779,62035,61.1%,29618,59.4%,32417,62.6%,27922,27.5%,14072,28.2%,13850,26.7%,13329,13.1%,6933,13.9%,6396,12.4%,18733,17711,970,21474,20322,982,49.0%,51.0%,-3.2%,1.5%,1.6%,21.1%,20.0%,1.0%,20.0%,1.0%
Murang'a,KANGEMA,SubCounty,75668,37165,38500,45821,60.6%,21719,58.4%,24101,62.6%,15764,20.8%,8583,23.1%,7180,18.6%,5854,7.7%,3241,8.7%,2611,6.8%,11246,10095,1111,20585,18785,1719,49.1%,50.9%,-4.2%,4.4%,1.9%,27.2%,24.8%,2.3%,24.8%,2.3%
Murang'a,MATHIOYA,SubCounty,87438,42738,44699,50686,58.0%,23916,56.0%,26770,59.9%,15896,18.2%,8626,20.2%,7270,16.3%,6196,7.1%,3442,8.1%,2754,6.2%,15790,14419,1296,23395,21099,2094,48.9%,51.1%,-3.9%,3.9%,1.9%,26.8%,24.1%,2.4%,24.1%,2.4%
Murang'a,KAHURO,SubCounty,83338,40864,42467,48925,58.7%,23155,56.7%,25767,60.7%,15911,19.1%,8631,21.1%,7275,17.1%,5486,6.6%,3138,7.7%,2346,5.5%,12667,11426,1213,23127,20961,2080,49.0%,51.0%,-4.0%,4.0%,2.2%,27.8%,25.2%,2.5%,25.2%,2.5%
Murang'a,MURANG'A SOUTH,SubCounty,172158,85252,86901,97115,56.4%,47344,55.5%,49768,57.3%,36809,21.4%,20103,23.6%,16706,19.2%,14629,8.5%,8285,9.7%,6344,7.3%,28168,26137,1947,37654,34913,2376,49.5%,50.5%,-1.7%,4.4%,2.4%,21.9%,20.3%,1.4%,20.3%,1.4%
Murang'a,GATANGA,SubCounty,175723,88134,87586,99119,56.4%,49053,55.7%,50064,57.2%,37930,21.6%,21157,24.0%,16772,19.1%,15445,8.8%,8660,9.8%,6785,7.7%,19982,16237,3262,35429,31766,3256,50.2%,49.8%,-1.5%,4.9%,2.1%,20.2%,18.1%,1.9%,18.1%,1.9%
Murang'a,KIGUMO,SubCounty,128481,63728,64750,72183,56.2%,35047,55.0%,37135,57.4%,23144,18.0%,13054,20.5%,10089,15.6%,8139,6.3%,4779,7.5%,3360,5.2%,15546,13518,1960,31110,28034,2887,49.6%,50.4%,-2.4%,4.9%,2.3%,24.2%,21.8%,2.2%,21.8%,2.2%
Murang'a,KANDARA,SubCounty,163770,80952,82811,91619,55.9%,44347,54.8%,47270,57.1%,31359,19.1%,17219,21.3%,14140,17.1%,11201,6.8%,6419,7.9%,4782,5.8%,18057,15714,2250,38624,35773,2499,49.4%,50.6%,-2.3%,4.2%,2.2%,23.6%,21.8%,1.5%,21.8%,1.5%
Murang'a,ABERDARE FOREST,SubCounty,42,30,12,35,83.3%,26,86.7%,9,75.0%,25,59.5%,21,70.0%,4,33.3%,8,19.0%,6,20.0%,2,16.7%,NA,NA,NA,2,2,NA,71.4%,28.6%,11.7%,36.7%,3.3%,4.8%,4.8%,"NA",4.8%,"NA"
Kiambu,KIAMBU,County,2231514,1092380,1139012,1473583,66.0%,716399,65.6%,757094,66.5%,952268,42.7%,486137,44.5%,466080,40.9%,486912,21.8%,261359,23.9%,225529,19.8%,90218,66642,22247,214052,173960,35169,49.0%,51.0%,-0.9%,3.6%,4.1%,9.6%,7.8%,1.6%,7.8%,1.6%
Kiambu,GATUNDU NORTH,SubCounty,102915,50634,52279,59090,57.4%,28435,56.2%,30653,58.6%,22795,22.1%,12306,24.3%,10488,20.1%,7491,7.3%,4301,8.5%,3190,6.1%,10508,8121,2337,21532,17626,3628,49.2%,50.8%,-2.5%,4.2%,2.4%,20.9%,17.1%,3.5%,17.1%,3.5%
Kiambu,GATUNDU SOUTH,SubCounty,114575,56630,57941,67388,58.8%,32708,57.8%,34678,59.9%,26346,23.0%,14104,24.9%,12242,21.1%,8851,7.7%,4901,8.7%,3950,6.8%,11993,10442,1408,25074,22944,1829,49.4%,50.6%,-2.1%,3.8%,1.8%,21.9%,20.0%,1.6%,20.0%,1.6%
Kiambu,GITHUNGURI,SubCounty,155046,76874,78164,94071,60.7%,45966,59.8%,48100,61.5%,42369,27.3%,22149,28.8%,20218,25.9%,16086,10.4%,8839,11.5%,7247,9.3%,11165,8631,2447,29745,24752,4420,49.6%,50.4%,-1.7%,2.9%,2.2%,19.2%,16.0%,2.9%,16.0%,2.9%
Kiambu,JUJA,SubCounty,277171,136491,140658,188618,68.1%,92961,68.1%,95637,68.0%,133777,48.3%,68981,50.5%,64788,46.1%,71054,25.6%,39208,28.7%,31842,22.6%,7466,5127,2044,15859,12649,2563,49.2%,50.7%,0.1%,4.5%,6.1%,5.7%,4.6%,0.9%,4.6%,0.9%
Kiambu,KABETE,SubCounty,184688,90196,94478,126101,68.3%,60993,67.6%,65095,68.9%,87230,47.2%,44176,49.0%,43047,45.6%,46746,25.3%,25118,27.8%,21623,22.9%,4691,3345,1314,15713,10924,4325,48.8%,51.2%,-1.3%,3.4%,5.0%,8.5%,5.9%,2.3%,5.9%,2.3%
Kiambu,KIAMBAA,SubCounty,218165,106623,111530,147894,67.8%,71868,67.4%,76019,68.2%,101132,46.4%,50970,47.8%,50160,45.0%,51780,23.7%,27063,25.4%,24714,22.2%,5813,4381,1344,13339,11236,1690,48.9%,51.1%,-0.8%,2.8%,3.2%,6.1%,5.2%,0.8%,5.2%,0.8%
Kiambu,KIAMBU,SubCounty,133949,63471,70464,92466,69.0%,43173,68.0%,49283,69.9%,67815,50.6%,32488,51.2%,35319,50.1%,40193,30.0%,20311,32.0%,19881,28.2%,4525,3083,1379,10505,8421,1762,47.4%,52.6%,-1.9%,1.1%,3.8%,7.8%,6.3%,1.3%,6.3%,1.3%
Kiambu,KIKUYU,SubCounty,172833,83603,89226,118008,68.3%,56334,67.4%,61670,69.1%,83951,48.6%,41613,49.8%,42336,47.4%,49598,28.7%,25598,30.6%,23999,26.9%,5439,4545,809,17693,15864,1551,48.4%,51.6%,-1.7%,2.3%,3.7%,10.2%,9.2%,0.9%,9.2%,0.9%
Kiambu,LARI,SubCounty,125884,62427,63454,72101,57.3%,35597,57.0%,36504,57.5%,29719,23.6%,16394,26.3%,13325,21.0%,10661,8.5%,5999,9.6%,4662,7.3%,10803,7006,3711,25602,18033,7069,49.6%,50.4%,-0.5%,5.3%,2.3%,20.3%,14.3%,5.6%,14.3%,5.6%
Kiambu,LIMURU,SubCounty,147004,73445,73559,91077,62.0%,45490,61.9%,45587,62.0%,49957,34.0%,26789,36.5%,23168,31.5%,22425,15.3%,12384,16.9%,10041,13.7%,8083,5814,2169,19202,16560,2201,50.0%,50.0%,-0.0%,5.0%,3.2%,13.1%,11.3%,1.5%,11.3%,1.5%
Kiambu,RUIRU,SubCounty,340681,165256,175406,238845,70.1%,115925,70.1%,122906,70.1%,181536,53.3%,92193,55.8%,89333,50.9%,97382,28.6%,52725,31.9%,44652,25.5%,4095,2617,1375,8590,6523,1706,48.5%,51.5%,0.1%,4.9%,6.4%,2.5%,1.9%,0.5%,1.9%,0.5%
Kiambu,THIKA EAST,SubCounty,35971,18224,17743,21836,60.7%,11114,61.0%,10719,60.4%,10688,29.7%,5780,31.7%,4905,27.6%,4157,11.6%,2305,12.6%,1852,10.4%,1892,1478,398,4700,3903,648,50.7%,49.3%,0.6%,4.1%,2.2%,13.1%,10.9%,1.8%,10.9%,1.8%
Kiambu,THIKA WEST,SubCounty,222632,108506,114110,156088,70.1%,75835,69.9%,80243,70.3%,114953,51.6%,58194,53.6%,56751,49.7%,60488,27.2%,32607,30.1%,27876,24.4%,3748,2050,1510,6498,4525,1777,48.7%,51.3%,-0.4%,3.9%,5.6%,2.9%,2.0%,0.8%,2.0%,0.8%
Turkana,TURKANA,County,851797,439467,412311,141432,16.6%,79015,18.0%,62417,15.1%,58533,6.9%,36920,8.4%,21613,5.2%,20541,2.4%,13440,3.1%,7101,1.7%,435576,366142,1484,61209,41670,584,51.6%,48.4%,2.8%,3.2%,1.3%,7.2%,4.9%,0.1%,4.9%,0.1%
Turkana,KIBISH,SubCounty,33611,17046,16564,1984,5.9%,1114,6.5%,870,5.3%,890,2.6%,591,3.5%,299,1.8%,310,0.9%,216,1.3%,94,0.6%,10957,7655,45,3955,2618,51,50.7%,49.3%,1.3%,1.7%,0.7%,11.8%,7.8%,0.2%,7.8%,0.2%
Turkana,LOIMA,SubCounty,98183,49440,48743,10405,10.6%,5991,12.1%,4414,9.1%,2901,3.0%,1821,3.7%,1080,2.2%,1062,1.1%,663,1.3%,399,0.8%,19676,16024,37,9743,6611,21,50.4%,49.6%,3.1%,1.5%,0.5%,9.9%,6.7%,0.0%,6.7%,0.0%
Turkana,TURKANA CENTRAL,SubCounty,166135,82906,83229,46066,27.7%,25155,30.3%,20911,25.1%,19585,11.8%,11961,14.4%,7624,9.2%,7633,4.6%,4888,5.9%,2745,3.3%,21445,16675,651,11229,7850,238,49.9%,50.1%,5.2%,5.3%,2.6%,6.8%,4.7%,0.1%,4.7%,0.1%
Turkana,TURKANA EAST,SubCounty,130834,72914,57908,17271,13.2%,9787,13.4%,7484,12.9%,7414,5.7%,4754,6.5%,2660,4.6%,2839,2.2%,1792,2.5%,1047,1.8%,297432,293948,415,9618,7769,97,55.7%,44.3%,0.5%,1.9%,0.6%,7.4%,5.9%,0.1%,5.9%,0.1%
Turkana,TURKANA NORTH,SubCounty,59378,29770,29608,7427,12.5%,4280,14.4%,3147,10.6%,2038,3.4%,1339,4.5%,699,2.4%,773,1.3%,571,1.9%,202,0.7%,48423,4401,53,6956,3370,24,50.1%,49.9%,3.7%,2.1%,1.2%,11.7%,5.7%,0.0%,5.7%,0.0%
Turkana,TURKANA SOUTH,SubCounty,142538,72846,69688,26076,18.3%,14437,19.8%,11639,16.7%,9280,6.5%,5851,8.0%,3429,4.9%,3555,2.5%,2300,3.2%,1255,1.8%,18724,13385,195,10257,7170,107,51.1%,48.9%,3.1%,3.1%,1.4%,7.2%,5.0%,0.1%,5.0%,0.1%
Turkana,TURKANA WEST,SubCounty,221118,114545,106571,32203,14.6%,18251,15.9%,13952,13.1%,16425,7.4%,10603,9.3%,5822,5.5%,4369,2.0%,3010,2.6%,1359,1.3%,18920,14054,90,9451,6282,46,51.8%,48.2%,2.8%,3.8%,1.4%,4.3%,2.8%,0.0%,2.8%,0.0%
West Pokot,WEST POKOT,County,553584,272728,280844,116990,21.1%,67674,24.8%,49315,17.6%,44864,8.1%,28103,10.3%,16761,6.0%,16460,3.0%,10064,3.7%,6396,2.3%,303114,289400,7666,89828,85044,2573,49.3%,50.7%,7.3%,4.3%,1.4%,16.2%,15.4%,0.5%,15.4%,0.5%
West Pokot,KIPKOMO,SubCounty,91581,45307,46268,20782,22.7%,12001,26.5%,8780,19.0%,7394,8.1%,4709,10.4%,2685,5.8%,2760,3.0%,1660,3.7%,1100,2.4%,34199,33314,682,14921,14460,311,49.5%,50.5%,7.5%,4.6%,1.3%,16.3%,15.8%,0.3%,15.8%,0.3%
West Pokot,POKOT CENTRAL,SubCounty,106071,53164,52905,16135,15.2%,10306,19.4%,5829,11.0%,4848,4.6%,3260,6.1%,1588,3.0%,1543,1.5%,1005,1.9%,538,1.0%,28780,27830,518,17573,16488,358,50.1%,49.9%,8.4%,3.1%,0.9%,16.6%,15.5%,0.3%,15.5%,0.3%
West Pokot,POKOT NORTH,SubCounty,118673,56999,61672,17472,14.7%,10912,19.1%,6560,10.6%,5448,4.6%,3570,6.3%,1878,3.0%,2100,1.8%,1352,2.4%,748,1.2%,29255,28317,187,20563,19756,84,48.0%,52.0%,8.5%,3.2%,1.2%,17.3%,16.6%,0.1%,16.6%,0.1%
West Pokot,POKOT SOUTH,SubCounty,72458,35681,36775,18526,25.6%,10205,28.6%,8321,22.6%,6461,8.9%,4310,12.1%,2151,5.8%,1890,2.6%,1222,3.4%,668,1.8%,32018,28926,2729,12241,11112,984,49.2%,50.8%,6.0%,6.2%,1.6%,16.9%,15.3%,1.4%,15.3%,1.4%
West Pokot,WEST POKOT,SubCounty,164801,81577,83224,44075,26.7%,24250,29.7%,19825,23.8%,20713,12.6%,12254,15.0%,8459,10.2%,8167,5.0%,4825,5.9%,3342,4.0%,178861,171014,3551,24530,23228,836,49.5%,50.5%,5.9%,4.9%,1.9%,14.9%,14.1%,0.5%,14.1%,0.5%
Samburu,SAMBURU,County,279891,141072,138814,76156,27.2%,39751,28.2%,36404,26.2%,27282,9.7%,16768,11.9%,10514,7.6%,11516,4.1%,7286,5.2%,4230,3.0%,205508,177593,2118,43149,35282,572,50.4%,49.6%,2.0%,4.3%,2.1%,15.4%,12.6%,0.2%,12.6%,0.2%
Samburu,SAMBURU CENTRAL,SubCounty,149358,75738,73618,44521,29.8%,23407,30.9%,21113,28.7%,17539,11.7%,10635,14.0%,6904,9.4%,7519,5.0%,4607,6.1%,2912,4.0%,53977,50387,1762,22176,19953,375,50.7%,49.3%,2.2%,4.7%,2.1%,14.8%,13.4%,0.3%,13.4%,0.3%
Samburu,SAMBURU EAST,SubCounty,69944,34048,35896,18787,26.9%,9676,28.4%,9111,25.4%,6268,9.0%,3870,11.4%,2398,6.7%,2580,3.7%,1664,4.9%,916,2.6%,95081,80775,222,11460,8123,136,48.7%,51.3%,3.0%,4.7%,2.3%,16.4%,11.6%,0.2%,11.6%,0.2%
Samburu,SAMBURU NORTH,SubCounty,60589,31286,29300,12848,21.2%,6668,21.3%,6180,21.1%,3475,5.7%,2263,7.2%,1212,4.1%,1417,2.3%,1015,3.2%,402,1.4%,56449,46431,133,9513,7206,61,51.6%,48.4%,0.2%,3.1%,1.9%,15.7%,11.9%,0.1%,11.9%,0.1%
Trans Nzoia,TRANS NZOIA,County,911209,448487,462701,367752,40.4%,184029,41.0%,183716,39.7%,154412,16.9%,88098,19.6%,66311,14.3%,64667,7.1%,37083,8.3%,27583,6.0%,154167,105145,47750,140249,121815,15884,49.2%,50.8%,1.3%,5.3%,2.3%,15.4%,13.4%,1.7%,13.4%,1.7%
Trans Nzoia,TRANS NZOIA WEST,SubCounty,184140,91254,92883,76724,41.7%,39466,43.2%,37257,40.1%,34776,18.9%,20148,22.1%,14627,15.7%,14441,7.8%,8483,9.3%,5958,6.4%,21795,14033,7634,23540,20488,2657,49.6%,50.4%,3.1%,6.3%,2.9%,12.8%,11.1%,1.4%,11.1%,1.4%
Trans Nzoia,TRANS NZOIA EAST,SubCounty,212422,104721,107693,85493,40.2%,42115,40.2%,43376,40.3%,33388,15.7%,19164,18.3%,14224,13.2%,12132,5.7%,6939,6.6%,5193,4.8%,38750,26536,11971,36921,31642,4785,49.3%,50.7%,-0.1%,5.1%,1.8%,17.4%,14.9%,2.3%,14.9%,2.3%
Trans Nzoia,KWANZA,SubCounty,188466,92532,95931,73829,39.2%,36704,39.7%,37123,38.7%,29556,15.7%,16790,18.1%,12765,13.3%,11620,6.2%,6763,7.3%,4857,5.1%,35371,25376,9551,28502,24867,3033,49.1%,50.9%,1.0%,4.8%,2.2%,15.1%,13.2%,1.6%,13.2%,1.6%
Trans Nzoia,ENDEBESS,SubCounty,102457,51455,50999,31396,30.6%,17335,33.7%,14061,27.6%,9816,9.6%,6474,12.6%,3342,6.6%,4019,3.9%,2523,4.9%,1496,2.9%,16643,11033,5428,16775,14229,2244,50.2%,49.8%,6.1%,6.0%,2.0%,16.4%,13.9%,2.2%,13.9%,2.2%
Trans Nzoia,KIMININI,SubCounty,223724,108525,115195,100310,44.8%,48409,44.6%,51899,45.1%,46876,21.0%,25522,23.5%,21353,18.5%,22455,10.0%,12375,11.4%,10079,8.7%,41607,28168,13165,34511,30589,3165,48.5%,51.5%,-0.4%,5.0%,2.7%,15.4%,13.7%,1.4%,13.7%,1.4%
Uasin Gishu,UASIN GISHU,County,1070335,531769,538543,549746,51.4%,274986,51.7%,274746,51.0%,299885,28.0%,163826,30.8%,136049,25.3%,144382,13.5%,78776,14.8%,65601,12.2%,192326,108582,74336,141547,118148,21441,49.7%,50.3%,0.7%,5.5%,2.6%,13.2%,11.0%,2.0%,11.0%,2.0%
Uasin Gishu,AINABKOI,SubCounty,127533,62850,64683,67016,52.5%,33157,52.8%,33859,52.3%,38066,29.8%,20320,32.3%,17746,27.4%,20316,15.9%,10694,17.0%,9622,14.9%,21218,11986,9169,17845,14687,2936,49.3%,50.7%,0.4%,4.9%,2.1%,14.0%,11.5%,2.3%,11.5%,2.3%
Uasin Gishu,KAPSERET,SubCounty,182852,91412,91436,108149,59.1%,54903,60.1%,53243,58.2%,67976,37.2%,36693,40.1%,31281,34.2%,34483,18.9%,18570,20.3%,15912,17.4%,19077,10403,8430,16891,14306,2247,50.0%,50.0%,1.8%,5.9%,2.9%,9.2%,7.8%,1.2%,7.8%,1.2%
Uasin Gishu,KESSES,SubCounty,137814,68811,69000,65210,47.3%,32655,47.5%,32553,47.2%,30972,22.5%,17493,25.4%,13477,19.5%,14226,10.3%,7875,11.4%,6350,9.2%,29088,20742,8178,24309,20645,3466,49.9%,50.1%,0.3%,5.9%,2.2%,17.6%,15.0%,2.5%,15.0%,2.5%
Uasin Gishu,MOIBEN,SubCounty,165378,81639,83737,85679,51.8%,42523,52.1%,43155,51.5%,48743,29.5%,26212,32.1%,22531,26.9%,24837,15.0%,13392,16.4%,11445,13.7%,38335,20393,17519,22915,17862,4761,49.4%,50.6%,0.6%,5.2%,2.7%,13.9%,10.8%,2.9%,10.8%,2.9%
Uasin Gishu,SOY,SubCounty,211662,105136,106521,96027,45.4%,47995,45.7%,48029,45.1%,43783,20.7%,24937,23.7%,18843,17.7%,19192,9.1%,10847,10.3%,8343,7.8%,51715,27280,20160,33352,27727,5176,49.7%,50.3%,0.6%,6.0%,2.5%,15.8%,13.1%,2.4%,13.1%,2.4%
Uasin Gishu,TURBO,SubCounty,245096,121921,123166,127665,52.1%,63753,52.3%,63907,51.9%,70345,28.7%,38171,31.3%,32171,26.1%,31328,12.8%,17398,14.3%,13929,11.3%,32893,17778,10880,26235,22921,2855,49.7%,50.3%,0.4%,5.2%,3.0%,10.7%,9.4%,1.2%,9.4%,1.2%
Elgeyo-marakwet,ELGEYO/MARAKWET,County,418765,209151,209602,157287,37.6%,80892,38.7%,76391,36.4%,59627,14.2%,35299,16.9%,24326,11.6%,22935,5.5%,13147,6.3%,9786,4.7%,68102,55480,11974,74881,65518,8660,49.9%,50.1%,2.2%,5.3%,1.6%,17.9%,15.6%,2.1%,15.6%,2.1%
Elgeyo-marakwet,KEIYO NORTH,SubCounty,91430,45566,45863,38134,41.7%,19471,42.7%,18663,40.7%,17270,18.9%,9822,21.6%,7448,16.2%,7684,8.4%,4235,9.3%,3449,7.5%,10339,8707,1556,15190,14042,1018,49.8%,50.2%,2.0%,5.3%,1.8%,16.6%,15.4%,1.1%,15.4%,1.1%
Elgeyo-marakwet,KEIYO SOUTH,SubCounty,112236,56593,55639,46433,41.4%,24089,42.6%,22341,40.2%,17441,15.5%,10315,18.2%,7124,12.8%,6676,5.9%,3781,6.7%,2893,5.2%,21984,19062,2522,21518,19507,1728,50.4%,49.6%,2.4%,5.4%,1.5%,19.2%,17.4%,1.5%,17.4%,1.5%
Elgeyo-marakwet,MARAKWET EAST,SubCounty,88986,43796,45188,26787,30.1%,13644,31.2%,13142,29.1%,7943,8.9%,4915,11.2%,3028,6.7%,2866,3.2%,1777,4.1%,1089,2.4%,14996,12745,2185,15779,14149,1529,49.2%,50.8%,2.1%,4.5%,1.6%,17.7%,15.9%,1.7%,15.9%,1.7%
Elgeyo-marakwet,MARAKWET WEST,SubCounty,126113,63196,62912,45933,36.4%,23688,37.5%,22245,35.4%,16973,13.5%,10247,16.2%,6726,10.7%,5709,4.5%,3354,5.3%,2355,3.7%,20783,14966,5711,22394,17820,4385,50.1%,49.9%,2.1%,5.5%,1.6%,17.8%,14.1%,3.5%,14.1%,3.5%
Nandi,"NANDI",County,822163,408980,413163,349824,42.5%,177222,43.3%,172595,41.8%,140534,17.1%,81657,20.0%,58872,14.2%,54869,6.7%,30800,7.5%,24066,5.8%,211761,164111,46718,148887,134498,13136,49.7%,50.3%,1.6%,5.7%,1.7%,18.1%,16.4%,1.6%,16.4%,1.6%
Nandi,CHESUMEI,SubCounty,152235,75011,77221,72442,47.6%,35685,47.6%,36755,47.6%,33312,21.9%,18383,24.5%,14928,19.3%,13103,8.6%,7168,9.6%,5934,7.7%,23191,18951,4169,26835,24111,2499,49.3%,50.7%,-0.0%,5.2%,1.9%,17.6%,15.8%,1.6%,15.8%,1.6%
Nandi,"NANDI CENTRAL",SubCounty,136533,67514,69013,60345,44.2%,30134,44.6%,30208,43.8%,25736,18.8%,14722,21.8%,11011,16.0%,10150,7.4%,5662,8.4%,4486,6.5%,19590,16281,3042,23951,21513,2164,49.4%,50.5%,0.9%,5.9%,1.9%,17.5%,15.8%,1.6%,15.8%,1.6%
Nandi,"NANDI EAST",SubCounty,110834,55676,55155,50026,45.1%,26147,47.0%,23879,43.3%,21288,19.2%,12891,23.2%,8397,15.2%,8612,7.8%,4907,8.8%,3705,6.7%,16450,13234,3138,16777,14970,1668,50.2%,49.8%,3.7%,7.9%,2.1%,15.1%,13.5%,1.5%,13.5%,1.5%
Nandi,"NANDI NORTH",SubCounty,154455,76585,77867,63310,41.0%,31664,41.3%,31646,40.6%,23780,15.4%,13794,18.0%,9986,12.8%,8956,5.8%,5102,6.7%,3854,4.9%,31122,24798,6151,30073,27171,2633,49.6%,50.4%,0.7%,5.2%,1.7%,19.5%,17.6%,1.7%,17.6%,1.7%
Nandi,"NANDI SOUTH",SubCounty,160898,79744,81151,64435,40.0%,32198,40.4%,32235,39.7%,22869,14.2%,13140,16.5%,9728,12.0%,9161,5.7%,5045,6.3%,4116,5.1%,99141,72558,26419,31054,28370,2470,49.6%,50.4%,0.7%,4.5%,1.3%,19.3%,17.6%,1.5%,17.6%,1.5%
Nandi,TINDERET,SubCounty,107208,54450,52756,39266,36.6%,21394,39.3%,17872,33.9%,13549,12.6%,8727,16.0%,4822,9.1%,4887,4.6%,2916,5.4%,1971,3.7%,22268,18289,3800,20197,18363,1702,50.8%,49.2%,5.4%,6.9%,1.6%,18.8%,17.1%,1.6%,17.1%,1.6%
Baringo,BARINGO,County,609555,306702,302842,213483,35.0%,110090,35.9%,103390,34.1%,93138,15.3%,54448,17.8%,38687,12.8%,38025,6.2%,21854,7.1%,16170,5.3%,182613,165508,12459,100465,89593,7230,50.3%,49.7%,1.8%,5.0%,1.8%,16.5%,14.7%,1.2%,14.7%,1.2%
Baringo,BARINGO CENTRAL,SubCounty,89180,44084,45096,40878,45.8%,20233,45.9%,20645,45.8%,20343,22.8%,11373,25.8%,8970,19.9%,9584,10.7%,5308,12.0%,4276,9.5%,15206,14137,991,15137,14480,510,49.4%,50.6%,0.1%,5.9%,2.6%,17.0%,16.2%,0.6%,16.2%,0.6%
Baringo,BARINGO NORTH,SubCounty,96670,48209,48459,35400,36.6%,17780,36.9%,17619,36.4%,13187,13.6%,7960,16.5%,5226,10.8%,5589,5.8%,3297,6.8%,2292,4.7%,58946,57891,738,18409,17825,198,49.9%,50.1%,0.5%,5.7%,2.1%,19.0%,18.4%,0.2%,18.4%,0.2%
Baringo,EAST POKOT,SubCounty,73135,36951,36182,8107,11.1%,4877,13.2%,3230,8.9%,3020,4.1%,1861,5.0%,1159,3.2%,1259,1.7%,785,2.1%,474,1.3%,22922,20075,487,9565,8191,229,50.5%,49.5%,4.3%,1.8%,0.8%,13.1%,11.2%,0.3%,11.2%,0.3%
Baringo,KOIBATEK,SubCounty,119478,59953,59523,56506,47.3%,28589,47.7%,27917,46.9%,25544,21.4%,14761,24.6%,10783,18.1%,10108,8.5%,5662,9.4%,4446,7.5%,25372,20690,4564,21544,18319,2975,50.2%,49.8%,0.8%,6.5%,2.0%,18.0%,15.3%,2.5%,15.3%,2.5%
Baringo,MARIGAT,SubCounty,80968,40463,40502,28457,35.1%,14825,36.6%,13630,33.7%,11772,14.5%,7183,17.8%,4588,11.3%,4181,5.2%,2579,6.4%,1601,4.0%,14905,11373,3349,13596,10282,2839,50.0%,50.0%,3.0%,6.4%,2.4%,16.8%,12.7%,3.5%,12.7%,3.5%
Baringo,MOGOTIO,SubCounty,83716,42194,41520,34111,40.7%,17560,41.6%,16551,39.9%,15244,18.2%,8804,20.9%,6439,15.5%,5944,7.1%,3318,7.9%,2626,6.3%,28045,25459,2106,13607,12861,418,50.4%,49.6%,1.8%,5.4%,1.5%,16.3%,15.4%,0.5%,15.4%,0.5%
Baringo,TIATY EAST,SubCounty,66408,34848,31560,10024,15.1%,6226,17.9%,3798,12.0%,4028,6.1%,2506,7.2%,1522,4.8%,1360,2.0%,905,2.6%,455,1.4%,17217,15881,224,8607,7635,61,52.5%,47.5%,5.8%,2.4%,1.2%,13.0%,11.5%,0.1%,11.5%,0.1%
Laikipia,LAIKIPIA,County,475756,236702,239042,245189,51.5%,122502,51.8%,122681,51.3%,107448,22.6%,59898,25.3%,47547,19.9%,44988,9.5%,25358,10.7%,19629,8.2%,90707,67022,20508,90729,77810,9195,49.8%,50.2%,0.4%,5.4%,2.5%,19.1%,16.4%,1.9%,16.4%,1.9%
Laikipia,LAIKIPIA CENTRAL,SubCounty,89229,44606,44623,53589,60.1%,26486,59.4%,27103,60.7%,24716,27.7%,13391,30.0%,11325,25.4%,11004,12.3%,5989,13.4%,5015,11.2%,21461,12435,8887,18787,16865,1605,50.0%,50.0%,-1.4%,4.6%,2.2%,21.1%,18.9%,1.8%,18.9%,1.8%
Laikipia,LAIKIPIA EAST,SubCounty,93683,46952,46726,55501,59.2%,28290,60.3%,27208,58.2%,30485,32.5%,16946,36.1%,13537,29.0%,13108,14.0%,7491,16.0%,5616,12.0%,11999,10135,1611,13192,11513,920,50.1%,49.9%,2.0%,7.1%,3.9%,14.1%,12.3%,1.0%,12.3%,1.0%
Laikipia,LAIKIPIA NORTH,SubCounty,32310,16107,16202,9188,28.4%,4899,30.4%,4289,26.5%,2507,7.8%,1671,10.4%,836,5.2%,832,2.6%,576,3.6%,256,1.6%,8004,5516,141,5898,3972,220,49.9%,50.1%,3.9%,5.2%,2.0%,18.3%,12.3%,0.7%,12.3%,0.7%
Laikipia,LAIKIPIA WEST,SubCounty,117836,59138,58695,49603,42.1%,25448,43.0%,24153,41.2%,15147,12.9%,9199,15.6%,5948,10.1%,5282,4.5%,3145,5.3%,2137,3.6%,25972,21933,3778,24338,21189,2555,50.2%,49.8%,1.9%,5.4%,1.7%,20.7%,18.0%,2.2%,18.0%,2.2%
Laikipia,NYAHURURU,SubCounty,142698,69899,72796,77308,54.2%,37379,53.5%,39928,54.8%,34593,24.2%,18691,26.7%,15901,21.8%,14762,10.3%,8157,11.7%,6605,9.1%,23271,17002,6091,28514,24271,3895,49.0%,51.0%,-1.4%,4.9%,2.6%,20.0%,17.0%,2.7%,17.0%,2.7%
Nakuru,"NAKURU",County,1981598,982910,998603,1044389,52.7%,519165,52.8%,525173,52.6%,531767,26.8%,293579,29.9%,238166,23.8%,230624,11.6%,130385,13.3%,100225,10.0%,357968,270779,83022,283652,241174,37725,49.6%,50.4%,0.2%,6.0%,3.2%,14.3%,12.2%,1.9%,12.2%,1.9%
Nakuru,GILGIL,SubCounty,169516,84928,84581,93348,55.1%,46805,55.1%,46538,55.0%,47755,28.2%,26922,31.7%,20831,24.6%,21416,12.6%,12457,14.7%,8958,10.6%,44897,17495,27162,27273,23996,2821,50.1%,49.9%,0.1%,7.1%,4.1%,16.1%,14.2%,1.7%,14.2%,1.7%
Nakuru,KURESOI NORTH,SubCounty,161409,80563,80843,62506,38.7%,31985,39.7%,30520,37.8%,19962,12.4%,12833,15.9%,7129,8.8%,6421,4.0%,3998,5.0%,2423,3.0%,31609,23611,7622,33190,27360,5389,49.9%,50.1%,1.9%,7.1%,2.0%,20.6%,17.0%,3.3%,17.0%,3.3%
Nakuru,KURESOI SOUTH,SubCounty,142631,71731,70897,55559,39.0%,29092,40.6%,26466,37.3%,20442,14.3%,12997,18.1%,7445,10.5%,6734,4.7%,4100,5.7%,2634,3.7%,33351,28431,4494,28030,25123,2588,50.3%,49.7%,3.2%,7.6%,2.0%,19.7%,17.6%,1.8%,17.6%,1.8%
Nakuru,MOLO,SubCounty,144889,72141,72743,69282,47.8%,34264,47.5%,35015,48.1%,28049,19.4%,16264,22.5%,11785,16.2%,10608,7.3%,6199,8.6%,4409,6.1%,21931,13805,7937,26641,20489,5693,49.8%,50.2%,-0.6%,6.3%,2.5%,18.4%,14.1%,3.9%,14.1%,3.9%
Nakuru,"NAIVASHA",SubCounty,322714,161071,161617,191464,59.3%,96400,59.8%,95046,58.8%,102716,31.8%,57251,35.5%,45456,28.1%,40468,12.5%,23447,14.6%,17014,10.5%,27884,20669,6817,33061,26981,5336,49.9%,50.1%,1.0%,7.4%,4.0%,10.2%,8.4%,1.7%,8.4%,1.7%
Nakuru,"NAKURU EAST",SubCounty,176055,83491,92556,113710,64.6%,52983,63.5%,60720,65.6%,85041,48.3%,41796,50.1%,43242,46.7%,46156,26.2%,24437,29.3%,21718,23.5%,17248,10851,5044,8876,6504,1979,47.4%,52.6%,-2.1%,3.3%,5.8%,5.0%,3.7%,1.1%,3.7%,1.1%
Nakuru,"NAKURU NORTH",SubCounty,201190,97573,103602,113833,56.6%,53994,55.3%,59832,57.8%,61609,30.6%,31974,32.8%,29631,28.6%,26611,13.2%,14771,15.1%,11835,11.4%,92840,87748,4530,28990,25497,2903,48.5%,51.5%,-2.4%,4.2%,3.7%,14.4%,12.7%,1.4%,12.7%,1.4%
Nakuru,"NAKURU WEST",SubCounty,179490,91321,88159,109704,61.1%,57235,62.7%,52463,59.5%,65871,36.7%,36670,40.2%,29198,33.1%,28001,15.6%,15999,17.5%,12002,13.6%,13103,9274,3754,8752,7053,1474,50.9%,49.1%,3.2%,7.0%,3.9%,4.9%,3.9%,0.8%,3.9%,0.8%
Nakuru,NJORO,SubCounty,220036,109028,111005,100517,45.7%,49721,45.6%,50794,45.8%,38685,17.6%,22505,20.6%,16180,14.6%,15435,7.0%,9109,8.4%,6326,5.7%,34851,25647,9029,41771,35246,5971,49.6%,50.4%,-0.2%,6.1%,2.7%,19.0%,16.0%,2.7%,16.0%,2.7%
Nakuru,RONGAI,SubCounty,184553,92132,92417,95905,52.0%,48049,52.2%,47855,51.8%,48767,26.4%,26991,29.3%,21775,23.6%,24138,13.1%,13186,14.3%,10952,11.9%,26720,21641,4804,29568,26934,2230,49.9%,50.1%,0.4%,5.7%,2.5%,16.0%,14.6%,1.2%,14.6%,1.2%
Nakuru,SUBUKIA,SubCounty,79115,38931,40183,38561,48.7%,18637,47.9%,19924,49.6%,12870,16.3%,7376,18.9%,5494,13.7%,4636,5.9%,2682,6.9%,1954,4.9%,13534,11607,1829,17500,15991,1341,49.2%,50.8%,-1.7%,5.3%,2.0%,22.1%,20.2%,1.7%,20.2%,1.7%
Narok,"NAROK",County,1044966,520523,524419,358031,34.3%,188267,36.2%,169753,32.4%,125491,12.0%,78467,15.1%,47018,9.0%,42546,4.1%,25812,5.0%,16733,3.2%,718141,557124,109107,181706,145062,30373,49.8%,50.2%,3.8%,6.1%,1.8%,17.4%,13.9%,2.9%,13.9%,2.9%
Narok,"NAROK EAST",SubCounty,104856,53336,51513,36567,34.9%,19864,37.2%,16701,32.4%,11601,11.1%,7438,13.9%,4163,8.1%,3126,3.0%,1962,3.7%,1164,2.3%,56668,40066,11964,19206,12887,5681,50.9%,49.1%,4.8%,5.9%,1.4%,18.3%,12.3%,5.4%,12.3%,5.4%
Narok,"NAROK NORTH",SubCounty,227649,115452,112188,96519,42.4%,51329,44.5%,45185,40.3%,44706,19.6%,26104,22.6%,18598,16.6%,16234,7.1%,9364,8.1%,6870,6.1%,102111,48265,49105,35447,20897,13770,50.7%,49.3%,4.2%,6.0%,2.0%,15.6%,9.2%,6.0%,9.2%,6.0%
Narok,"NAROK SOUTH",SubCounty,215493,106882,108609,64675,30.0%,33929,31.7%,30745,28.3%,19111,8.9%,12482,11.7%,6628,6.1%,5659,2.6%,3599,3.4%,2059,1.9%,168866,133622,17598,40248,35046,3736,49.6%,50.4%,3.4%,5.6%,1.5%,18.7%,16.3%,1.7%,16.3%,1.7%
Narok,"NAROK WEST",SubCounty,171981,84283,87696,52837,30.7%,26532,31.5%,26304,30.0%,16281,9.5%,10563,12.5%,5717,6.5%,5170,3.0%,3265,3.9%,1905,2.2%,268943,236417,13434,30259,26767,1466,49.0%,51.0%,1.5%,6.0%,1.7%,17.6%,15.6%,0.9%,15.6%,0.9%
Narok,TRANS MARA EAST,SubCounty,102459,50134,52324,28492,27.8%,14891,29.7%,13601,26.0%,8237,8.0%,5363,10.7%,2874,5.5%,3415,3.3%,2130,4.2%,1285,2.5%,15443,14620,773,18907,18531,291,48.9%,51.1%,3.7%,5.2%,1.8%,18.5%,18.1%,0.3%,18.1%,0.3%
Narok,TRANS MARA WEST,SubCounty,222496,110408,112085,78909,35.5%,41694,37.8%,37213,33.2%,25525,11.5%,16491,14.9%,9034,8.1%,8936,4.0%,5487,5.0%,3449,3.1%,106110,84134,16233,37639,30934,5429,49.6%,50.4%,4.6%,6.9%,1.9%,16.9%,13.9%,2.4%,13.9%,2.4%
Narok,MAU FOREST,SubCounty,32,28,4,32,100.0%,28,100.0%,4,100.0%,30,93.8%,26,92.9%,4,100.0%,6,18.8%,5,17.9%,1,25.0%,NA,NA,NA,NA,NA,NA,87.5%,12.5%,0.0%,-7.1%,-7.1%,"NA","NA","NA","NA","NA"
Kajiado,KAJIADO,County,1016058,504023,512004,554416,54.6%,280391,55.6%,274007,53.5%,336468,33.1%,179615,35.6%,156840,30.6%,164967,16.2%,89944,17.8%,75014,14.7%,824874,689557,82923,97565,72411,12468,49.6%,50.4%,2.1%,5.0%,3.2%,9.6%,7.1%,1.2%,7.1%,1.2%
Kajiado,ISINYA,SubCounty,191272,95366,95900,129437,67.7%,65588,68.8%,63843,66.6%,89948,47.0%,46985,49.3%,42958,44.8%,40373,21.1%,21682,22.7%,18688,19.5%,33058,23968,5080,6584,4777,1022,49.9%,50.1%,2.2%,4.5%,3.2%,3.4%,2.5%,0.5%,2.5%,0.5%
Kajiado,KAJIADO CENTRAL,SubCounty,145212,72629,72580,61449,42.3%,31943,44.0%,29506,40.7%,27228,18.8%,15778,21.7%,11450,15.8%,10431,7.2%,6161,8.5%,4270,5.9%,118172,97066,4838,19641,14608,1003,50.0%,50.0%,3.3%,5.9%,2.6%,13.5%,10.1%,0.7%,10.1%,0.7%
Kajiado,KAJIADO NORTH,SubCounty,282534,138169,144354,194776,68.9%,95675,69.2%,99092,68.6%,148583,52.6%,75963,55.0%,72613,50.3%,87772,31.1%,46769,33.8%,40998,28.4%,43446,20538,22106,10726,8822,1531,48.9%,51.1%,0.6%,4.7%,5.4%,3.8%,3.1%,0.5%,3.1%,0.5%
Kajiado,KAJIADO WEST,SubCounty,165055,82432,82618,71451,43.3%,37198,45.1%,34252,41.5%,34050,20.6%,19137,23.2%,14912,18.0%,14691,8.9%,8353,10.1%,6337,7.7%,244044,210198,8518,23089,18528,1257,49.9%,50.1%,3.7%,5.2%,2.5%,14.0%,11.2%,0.8%,11.2%,0.8%
Kajiado,LOITOKITOK,SubCounty,173159,85227,87927,67674,39.1%,34380,40.3%,33292,37.9%,24417,14.1%,14489,17.0%,9928,11.3%,7934,4.6%,4766,5.6%,3168,3.6%,312048,274992,34417,29501,19458,6684,49.2%,50.8%,2.5%,5.7%,2.0%,17.0%,11.2%,3.9%,11.2%,3.9%
Kajiado,MASHUURU,SubCounty,58826,30200,28625,29629,50.4%,15607,51.7%,14022,49.0%,12242,20.8%,7263,24.0%,4979,17.4%,3766,6.4%,2213,7.3%,1553,5.4%,74106,62794,7965,8024,6218,971,51.3%,48.7%,2.7%,6.7%,1.9%,13.6%,10.6%,1.7%,10.6%,1.7%
Kericho,KERICHO,County,834061,415734,418300,362367,43.4%,187336,45.1%,175019,41.8%,158104,19.0%,95506,23.0%,62594,15.0%,69075,8.3%,40364,9.7%,28710,6.9%,135269,118044,16562,150845,135641,14090,49.8%,50.2%,3.2%,8.0%,2.8%,18.1%,16.3%,1.7%,16.3%,1.7%
Kericho,BELGUT,SubCounty,135941,67923,68018,63341,46.6%,32471,47.8%,30870,45.4%,28758,21.2%,17196,25.3%,11562,17.0%,12694,9.3%,7309,10.8%,5385,7.9%,15278,12617,2581,23573,20431,2959,50.0%,50.0%,2.4%,8.3%,2.8%,17.3%,15.0%,2.2%,15.0%,2.2%
Kericho,BURETI,SubCounty,185127,91535,93587,80362,43.4%,40855,44.6%,39505,42.2%,34550,18.7%,20757,22.7%,13792,14.7%,14889,8.0%,8711,9.5%,6178,6.6%,23783,19631,4003,33285,29078,3912,49.4%,50.6%,2.4%,7.9%,2.9%,18.0%,15.7%,2.1%,15.7%,2.1%
Kericho,KERICHO EAST,SubCounty,156786,79013,77766,77548,49.5%,40799,51.6%,36745,47.3%,42000,26.8%,24553,31.1%,17446,22.4%,20465,13.1%,11819,15.0%,8646,11.1%,36970,33963,2880,23273,20665,2391,50.4%,49.6%,4.4%,8.6%,3.8%,14.8%,13.2%,1.5%,13.2%,1.5%
Kericho,KIPKELION,SubCounty,112279,55954,56321,41504,37.0%,22063,39.4%,19440,34.5%,14684,13.1%,9578,17.1%,5106,9.1%,5817,5.2%,3591,6.4%,2226,4.0%,21184,19133,1961,22836,21596,1153,49.8%,50.2%,4.9%,8.1%,2.5%,20.3%,19.2%,1.0%,19.2%,1.0%
Kericho,LONDIANI,SubCounty,126773,62955,63808,54905,43.3%,27819,44.2%,27082,42.4%,21376,16.9%,13179,20.9%,8196,12.8%,7717,6.1%,4564,7.2%,3153,4.9%,17715,15147,2468,25049,23043,1825,49.7%,50.3%,1.7%,8.1%,2.3%,19.8%,18.2%,1.4%,18.2%,1.4%
Kericho,SOIN SIGOWET,SubCounty,117155,58354,58800,44707,38.2%,23329,40.0%,21377,36.4%,16736,14.3%,10243,17.6%,6492,11.0%,7493,6.4%,4370,7.5%,3122,5.3%,20339,17553,2669,22829,20828,1850,49.8%,50.2%,3.6%,6.5%,2.2%,19.5%,17.8%,1.6%,17.8%,1.6%
Bomet,BOMET,County,810122,400694,409407,331415,40.9%,166746,41.6%,164663,40.2%,134885,16.6%,83163,20.8%,51721,12.6%,53643,6.6%,31930,8.0%,21712,5.3%,129945,114187,14608,152564,136569,14789,49.5%,50.5%,1.4%,8.1%,2.7%,18.8%,16.9%,1.8%,16.9%,1.8%
Bomet,BOMET EAST,SubCounty,132732,65185,67541,50286,37.9%,24535,37.6%,25750,38.1%,17556,13.2%,10829,16.6%,6727,10.0%,6100,4.6%,3741,5.7%,2359,3.5%,20126,18543,1512,26472,24741,1607,49.1%,50.9%,-0.5%,6.7%,2.2%,19.9%,18.6%,1.2%,18.6%,1.2%
Bomet,CHEPALUNGU,SubCounty,152423,73652,78767,57580,37.8%,27485,37.3%,30094,38.2%,19724,12.9%,12480,16.9%,7244,9.2%,9179,6.0%,5540,7.5%,3639,4.6%,34562,33737,741,31910,31136,590,48.3%,51.7%,-0.9%,7.7%,2.9%,20.9%,20.4%,0.4%,20.4%,0.4%
Bomet,KONOIN,SubCounty,152161,77411,74747,66620,43.8%,35439,45.8%,31180,41.7%,29201,19.2%,18570,24.0%,10631,14.2%,10151,6.7%,6146,7.9%,4005,5.4%,18298,12950,5124,23845,17068,6489,50.9%,49.1%,4.1%,9.8%,2.6%,15.7%,11.2%,4.3%,11.2%,4.3%
Bomet,SOTIK,SubCounty,211301,103882,107415,87112,41.2%,43427,41.8%,43684,40.7%,35958,17.0%,21781,21.0%,14177,13.2%,15078,7.1%,8936,8.6%,6142,5.7%,32429,29290,2958,40497,38169,2015,49.2%,50.8%,1.1%,7.8%,2.9%,19.2%,18.1%,1.0%,18.1%,1.0%
Bomet,BOMET CENTRAL,SubCounty,161505,80564,80937,69817,43.2%,35860,44.5%,33955,42.0%,32446,20.1%,19503,24.2%,12942,16.0%,13135,8.1%,7567,9.4%,5567,6.9%,24531,19667,4274,29840,25455,4088,49.9%,50.1%,2.6%,8.2%,2.5%,18.5%,15.8%,2.5%,15.8%,2.5%
Kakamega,KAKAMEGA,County,1732145,828945,903166,708904,40.9%,334786,40.4%,374106,41.4%,250964,14.5%,139101,16.8%,111859,12.4%,109715,6.3%,61397,7.4%,48318,5.3%,219776,201093,13125,335269,322193,9778,47.9%,52.1%,-1.0%,4.4%,2.1%,19.4%,18.6%,0.6%,18.6%,0.6%
Kakamega,BUTERE,SubCounty,143388,68366,75019,57206,39.9%,26531,38.8%,30674,40.9%,17915,12.5%,10077,14.7%,7838,10.4%,7238,5.0%,4174,6.1%,3064,4.1%,17094,16612,401,29189,28622,343,47.7%,52.3%,-2.1%,4.3%,2.0%,20.4%,20.0%,0.2%,20.0%,0.2%
Kakamega,KAKAMEGA CENTRAL,SubCounty,173048,84569,88477,92062,53.2%,45545,53.9%,46516,52.6%,52016,30.1%,27947,33.0%,24068,27.2%,28835,16.7%,15689,18.6%,13146,14.9%,17033,15184,1609,25461,23803,1291,48.9%,51.1%,1.3%,5.8%,3.7%,14.7%,13.8%,0.7%,13.8%,0.7%
Kakamega,KAKAMEGA EAST,SubCounty,155365,74398,80963,65785,42.3%,30431,40.9%,35351,43.7%,20737,13.3%,11428,15.4%,9308,11.5%,8934,5.8%,4945,6.6%,3989,4.9%,16106,15179,818,31632,30455,795,47.9%,52.1%,-2.8%,3.9%,1.7%,20.4%,19.6%,0.5%,19.6%,0.5%
Kakamega,KAKAMEGA NORTH,SubCounty,221048,106855,114188,87449,39.6%,42499,39.8%,44950,39.4%,27593,12.5%,15809,14.8%,11784,10.3%,10621,4.8%,6015,5.6%,4606,4.0%,34105,31489,2414,43441,41187,1939,48.3%,51.7%,0.4%,4.5%,1.6%,19.7%,18.6%,0.9%,18.6%,0.9%
Kakamega,KAKAMEGA SOUTH,SubCounty,104341,49548,54793,44340,42.5%,20085,40.5%,24255,44.3%,13893,13.3%,7528,15.2%,6365,11.6%,5254,5.0%,2889,5.8%,2365,4.3%,10320,9786,477,22218,21715,307,47.5%,52.5%,-3.7%,3.6%,1.5%,21.3%,20.8%,0.3%,20.8%,0.3%
Kakamega,KHWISERO,SubCounty,106001,49957,56041,43719,41.2%,19481,39.0%,24237,43.2%,12490,11.8%,6916,13.8%,5574,9.9%,5765,5.4%,3292,6.6%,2473,4.4%,11007,10699,241,23443,22915,260,47.1%,52.9%,-4.3%,3.9%,2.2%,22.1%,21.6%,0.2%,21.6%,0.2%
Kakamega,LIKUYANI,SubCounty,141338,68337,72998,60025,42.5%,28184,41.2%,31841,43.6%,22255,15.7%,12118,17.7%,10137,13.9%,8537,6.0%,4707,6.9%,3830,5.2%,20902,13978,2688,24849,23110,1343,48.4%,51.6%,-2.4%,3.8%,1.6%,17.6%,16.4%,1.0%,16.4%,1.0%
Kakamega,LUGARI,SubCounty,114040,54848,59192,48533,42.6%,22774,41.5%,25759,43.5%,16347,14.3%,9107,16.6%,7240,12.2%,6691,5.9%,3715,6.8%,2976,5.0%,15176,14153,968,23281,22442,649,48.1%,51.9%,-2.0%,4.4%,1.7%,20.4%,19.7%,0.6%,19.7%,0.6%
Kakamega,MATETE,SubCounty,61383,29404,31979,22543,36.7%,10695,36.4%,11848,37.0%,7382,12.0%,4000,13.6%,3382,10.6%,3165,5.2%,1748,5.9%,1417,4.4%,8241,7632,527,11488,10920,417,47.9%,52.1%,-0.7%,3.0%,1.5%,18.7%,17.8%,0.7%,17.8%,0.7%
Kakamega,MATUNGU,SubCounty,154460,72733,81724,52927,34.3%,25003,34.4%,27923,34.2%,15479,10.0%,8804,12.1%,6674,8.2%,5764,3.7%,3387,4.7%,2377,2.9%,23124,22131,836,30321,29407,635,47.1%,52.9%,0.2%,3.9%,1.7%,19.6%,19.0%,0.4%,19.0%,0.4%
Kakamega,MUMIAS EAST,SubCounty,108468,51751,56714,41226,38.0%,19660,38.0%,21565,38.0%,14066,13.0%,8059,15.6%,6007,10.6%,5844,5.4%,3446,6.7%,2398,4.2%,11301,10771,495,21549,20983,442,47.7%,52.3%,-0.0%,5.0%,2.4%,19.9%,19.3%,0.4%,19.3%,0.4%
Kakamega,MUMIAS WEST,SubCounty,106473,50529,55943,43070,40.5%,20175,39.9%,22894,40.9%,16207,15.2%,8912,17.6%,7295,13.0%,7192,6.8%,4014,7.9%,3178,5.7%,11720,10821,800,19375,18434,741,47.5%,52.5%,-1.0%,4.6%,2.3%,18.2%,17.3%,0.7%,17.3%,0.7%
Kakamega,"NAVAKHOLO",SubCounty,142792,67650,75135,50019,35.0%,23723,35.1%,26293,35.0%,14584,10.2%,8396,12.4%,6187,8.2%,5875,4.1%,3376,5.0%,2499,3.3%,23647,22658,850,29022,28200,616,47.4%,52.6%,0.1%,4.2%,1.7%,20.3%,19.7%,0.4%,19.7%,0.4%
Vihiga,VIHIGA,County,550070,263949,286112,237122,43.1%,107137,40.6%,129981,45.4%,77622,14.1%,41756,15.8%,35864,12.5%,36123,6.6%,19879,7.5%,16243,5.7%,50521,48752,1517,113753,111139,1751,48.0%,52.0%,-4.8%,3.3%,1.9%,20.7%,20.2%,0.3%,20.2%,0.3%
Vihiga,EMUHAYA,SubCounty,90814,43383,47430,37743,41.6%,16835,38.8%,20907,44.1%,10609,11.7%,5741,13.2%,4867,10.3%,4935,5.4%,2731,6.3%,2204,4.6%,9900,9639,224,20210,19867,231,47.8%,52.2%,-5.3%,3.0%,1.6%,22.3%,21.9%,0.3%,21.9%,0.3%
Vihiga,VIHIGA,SubCounty,88664,42455,46207,39796,44.9%,17984,42.4%,21811,47.2%,14412,16.3%,7716,18.2%,6695,14.5%,7174,8.1%,3870,9.1%,3303,7.1%,7678,7431,204,18652,18240,302,47.9%,52.1%,-4.8%,3.7%,2.0%,21.0%,20.6%,0.3%,20.6%,0.3%
Vihiga,SABATIA,SubCounty,122708,58591,64116,54759,44.6%,24706,42.2%,30053,46.9%,18891,15.4%,10084,17.2%,8807,13.7%,8140,6.6%,4450,7.6%,3690,5.8%,10378,9946,383,25789,25173,433,47.7%,52.3%,-4.7%,3.5%,1.8%,21.0%,20.5%,0.4%,20.5%,0.4%
Vihiga,LUANDA,SubCounty,98821,47692,51127,42679,43.2%,19496,40.9%,23181,45.3%,14055,14.2%,7577,15.9%,6478,12.7%,7082,7.2%,3940,8.3%,3142,6.1%,8937,8600,292,20058,19595,315,48.3%,51.7%,-4.5%,3.2%,2.1%,20.3%,19.8%,0.3%,19.8%,0.3%
Vihiga,HAMISI,SubCounty,149047,71816,77228,62129,41.7%,28104,39.1%,34025,44.1%,19653,13.2%,10637,14.8%,9016,11.7%,8790,5.9%,4887,6.8%,3903,5.1%,13628,13136,415,29042,28262,470,48.2%,51.8%,-4.9%,3.1%,1.8%,19.5%,19.0%,0.3%,19.0%,0.3%
Vihiga,KAKAMEGA FOREST,SubCounty,16,12,4,16,100.0%,12,100.0%,4,100.0%,2,12.5%,1,8.3%,1,25.0%,2,12.5%,1,8.3%,1,25.0%,NA,NA,NA,2,2,NA,75.0%,25.0%,0.0%,-16.7%,-16.7%,12.5%,12.5%,"NA",12.5%,"NA"
Bungoma,BUNGOMA,County,1538767,745883,792851,566662,36.8%,279377,37.5%,287279,36.2%,212520,13.8%,119213,16.0%,93303,11.8%,93169,6.1%,52712,7.1%,40456,5.1%,223269,202494,19091,280445,264247,12829,48.5%,51.5%,1.2%,4.2%,2.0%,18.2%,17.2%,0.8%,17.2%,0.8%
Bungoma,BUMULA,SubCounty,199499,95312,104186,66127,33.1%,32213,33.8%,33914,32.6%,19349,9.7%,11097,11.6%,8252,7.9%,7352,3.7%,4332,4.5%,3020,2.9%,29874,28346,1341,39540,38444,850,47.8%,52.2%,1.2%,3.7%,1.6%,19.8%,19.3%,0.4%,19.3%,0.4%
Bungoma,BUNGOMA CENTRAL,SubCounty,163799,79315,84477,60206,36.8%,29858,37.6%,30346,35.9%,21310,13.0%,12282,15.5%,9026,10.7%,9217,5.6%,5342,6.7%,3875,4.6%,23347,21443,1728,31835,30118,1401,48.4%,51.6%,1.7%,4.8%,2.1%,19.4%,18.4%,0.9%,18.4%,0.9%
Bungoma,BUNGOMA EAST,SubCounty,106122,51497,54623,41818,39.4%,20200,39.2%,21618,39.6%,17213,16.2%,9468,18.4%,7745,14.2%,7633,7.2%,4146,8.1%,3487,6.4%,16750,15765,925,19688,18802,662,48.5%,51.5%,-0.4%,4.2%,1.7%,18.6%,17.7%,0.6%,17.7%,0.6%
Bungoma,BUNGOMA NORTH,SubCounty,111891,54098,57792,42855,38.3%,20312,37.5%,22543,39.0%,14858,13.3%,8346,15.4%,6512,11.3%,6662,6.0%,3790,7.0%,2872,5.0%,16841,14751,2026,20848,19556,1119,48.3%,51.7%,-1.5%,4.2%,2.0%,18.6%,17.5%,1.0%,17.5%,1.0%
Bungoma,BUNGOMA SOUTH,SubCounty,263411,126979,136427,114051,43.3%,56434,44.4%,57615,42.2%,56612,21.5%,30427,24.0%,26184,19.2%,27162,10.3%,15017,11.8%,12145,8.9%,35311,32134,2944,41443,39236,1785,48.2%,51.8%,2.2%,4.8%,2.9%,15.7%,14.9%,0.7%,14.9%,0.7%
Bungoma,CHEPTAIS,SubCounty,124273,61904,62363,33782,27.2%,18500,29.9%,15281,24.5%,10373,8.3%,6441,10.4%,3932,6.3%,3779,3.0%,2336,3.8%,1443,2.3%,17746,15697,1788,22457,20346,1704,49.8%,50.2%,5.4%,4.1%,1.5%,18.1%,16.4%,1.4%,16.4%,1.4%
Bungoma,KIMILILI,SubCounty,149814,72387,77424,56147,37.5%,27121,37.5%,29025,37.5%,20753,13.9%,11379,15.7%,9373,12.1%,8582,5.7%,4783,6.6%,3798,4.9%,18217,15968,2062,25205,23337,1463,48.3%,51.7%,-0.0%,3.6%,1.7%,16.8%,15.6%,1.0%,15.6%,1.0%
Bungoma,MT. ELGON,SubCounty,72721,35916,36802,22492,30.9%,11818,32.9%,10674,29.0%,7725,10.6%,4725,13.2%,3000,8.2%,3231,4.4%,1957,5.4%,1274,3.5%,12402,10422,1942,12376,11119,1138,49.4%,50.6%,3.9%,5.0%,2.0%,17.0%,15.3%,1.6%,15.3%,1.6%
Bungoma,BUNGOMA WEST,SubCounty,110636,53608,57027,37875,34.2%,18841,35.1%,19034,33.4%,11471,10.4%,6769,12.6%,4702,8.2%,5041,4.6%,2926,5.5%,2115,3.7%,17204,16129,922,22145,21217,656,48.5%,51.5%,1.8%,4.4%,1.7%,20.0%,19.2%,0.6%,19.2%,0.6%
Bungoma,TONGAREN,SubCounty,92891,44960,47930,36289,39.1%,17123,38.1%,19166,40.0%,12671,13.6%,7112,15.8%,5559,11.6%,5214,5.6%,2960,6.6%,2254,4.7%,14290,12325,1875,17578,16460,905,48.4%,51.6%,-1.9%,4.2%,1.9%,18.9%,17.7%,1.0%,17.7%,1.0%
Bungoma,WEBUYE WEST,SubCounty,140446,68209,72234,54406,38.7%,26541,38.9%,27865,38.6%,20026,14.3%,11059,16.2%,8967,12.4%,9249,6.6%,5091,7.5%,4158,5.8%,20963,19331,1532,26624,25210,1132,48.6%,51.4%,0.3%,3.8%,1.7%,19.0%,17.9%,0.8%,17.9%,0.8%
Bungoma,MT. ELGON FOREST,SubCounty,3264,1698,1566,614,18.8%,416,24.5%,198,12.6%,159,4.9%,108,6.4%,51,3.3%,47,1.4%,32,1.9%,15,1.0%,323,184,6,706,402,14,52.0%,48.0%,11.9%,3.1%,0.9%,21.6%,12.3%,0.4%,12.3%,0.4%
Busia,BUSIA,County,820788,388748,432013,315440,38.4%,152005,39.1%,163428,37.8%,110560,13.5%,63352,16.3%,47207,10.9%,48050,5.9%,27819,7.2%,20231,4.7%,116705,111661,4232,148257,143486,2892,47.4%,52.6%,1.3%,5.4%,2.5%,18.1%,17.5%,0.4%,17.5%,0.4%
Busia,BUNYALA,SubCounty,79588,38196,41391,31819,40.0%,15534,40.7%,16284,39.3%,11179,14.0%,6972,18.3%,4207,10.2%,4713,5.9%,2918,7.6%,1795,4.3%,6061,5562,384,12676,11705,501,48.0%,52.0%,1.3%,8.1%,3.3%,15.9%,14.7%,0.6%,14.7%,0.6%
Busia,BUSIA,SubCounty,128002,60908,67093,54250,42.4%,26484,43.5%,27766,41.4%,22258,17.4%,12254,20.1%,10004,14.9%,9208,7.2%,5254,8.6%,3954,5.9%,13383,12590,641,19412,18728,373,47.6%,52.4%,2.1%,5.2%,2.7%,15.2%,14.6%,0.3%,14.6%,0.3%
Busia,BUTULA,SubCounty,129739,59856,69880,47956,37.0%,21260,35.5%,26693,38.2%,13519,10.4%,7491,12.5%,6027,8.6%,6056,4.7%,3465,5.8%,2591,3.7%,18730,18150,489,26650,26145,319,46.1%,53.9%,-2.7%,3.9%,2.1%,20.5%,20.2%,0.2%,20.2%,0.2%
Busia,"NAMBALE",SubCounty,103180,48653,54523,38074,36.9%,18040,37.1%,20032,36.7%,12317,11.9%,6882,14.1%,5435,10.0%,5358,5.2%,2991,6.1%,2367,4.3%,15943,15026,790,19743,19108,453,47.2%,52.8%,0.3%,4.2%,1.8%,19.1%,18.5%,0.4%,18.5%,0.4%
Busia,SAMIA,SubCounty,99108,46819,52275,39683,40.0%,19015,40.6%,20668,39.5%,12910,13.0%,7744,16.5%,5166,9.9%,5298,5.3%,3140,6.7%,2158,4.1%,13265,12787,362,19701,19143,300,47.2%,52.7%,1.1%,6.7%,2.6%,19.9%,19.3%,0.3%,19.3%,0.3%
Busia,TESO NORTH,SubCounty,126387,60543,65842,46335,36.7%,23115,38.2%,23220,35.3%,17790,14.1%,10258,16.9%,7532,11.4%,8129,6.4%,4748,7.8%,3381,5.1%,24392,23483,785,23180,22448,489,47.9%,52.1%,2.9%,5.5%,2.7%,18.3%,17.8%,0.4%,17.8%,0.4%
Busia,TESO SOUTH,SubCounty,154784,73773,81009,57323,37.0%,28557,38.7%,28765,35.5%,20587,13.3%,11751,15.9%,8836,10.9%,9288,6.0%,5303,7.2%,3985,4.9%,24932,24062,781,26895,26209,457,47.7%,52.3%,3.2%,5.0%,2.3%,17.4%,16.9%,0.3%,16.9%,0.3%
Siaya,SIAYA,County,919461,434630,484814,405688,44.1%,184736,42.5%,220943,45.6%,137402,14.9%,76966,17.7%,60433,12.5%,62273,6.8%,35574,8.2%,26695,5.5%,137462,131706,4581,194362,188253,3750,47.3%,52.7%,-3.1%,5.2%,2.7%,21.1%,20.5%,0.4%,20.5%,0.4%
Siaya,SIAYA,SubCounty,207196,97050,110142,92051,44.4%,41490,42.8%,50558,45.9%,31733,15.3%,17490,18.0%,14243,12.9%,14474,7.0%,8218,8.5%,6255,5.7%,29529,28312,986,44532,43076,860,46.8%,53.2%,-3.2%,5.1%,2.8%,21.5%,20.8%,0.4%,20.8%,0.4%
Siaya,GEM,SubCounty,166766,79237,87525,72586,43.5%,33012,41.7%,39573,45.2%,22169,13.3%,12537,15.8%,9631,11.0%,10946,6.6%,6213,7.8%,4732,5.4%,24800,23844,748,38224,37196,638,47.5%,52.5%,-3.6%,4.8%,2.4%,22.9%,22.3%,0.4%,22.3%,0.4%
Siaya,UGENYA,SubCounty,125274,58138,67132,52181,41.7%,22497,38.7%,29681,44.2%,15551,12.4%,8709,15.0%,6840,10.2%,6241,5.0%,3567,6.1%,2672,4.0%,16296,15900,294,27847,27367,249,46.4%,53.6%,-5.5%,4.8%,2.2%,22.2%,21.8%,0.2%,21.8%,0.2%
Siaya,UGUNJA,SubCounty,96903,45246,51657,42988,44.4%,19163,42.4%,23825,46.1%,14677,15.1%,8093,17.9%,6584,12.7%,6331,6.5%,3622,8.0%,2709,5.2%,11054,10620,314,21054,20530,260,46.7%,53.3%,-3.8%,5.1%,2.8%,21.7%,21.2%,0.3%,21.2%,0.3%
Siaya,BONDO,SubCounty,181834,87903,93928,84976,46.7%,40768,46.4%,44207,47.1%,33258,18.3%,18933,21.5%,14325,15.3%,15445,8.5%,8974,10.2%,6471,6.9%,28602,26935,1363,32920,31282,1119,48.3%,51.7%,-0.7%,6.3%,3.3%,18.1%,17.2%,0.6%,17.2%,0.6%
Siaya,RARIEDA,SubCounty,141488,67056,74430,60906,43.0%,27806,41.5%,33099,44.5%,20014,14.1%,11204,16.7%,8810,11.8%,8836,6.2%,4980,7.4%,3856,5.2%,27181,26095,875,29785,28802,624,47.4%,52.6%,-3.0%,4.9%,2.2%,21.1%,20.4%,0.4%,20.4%,0.4%
Kisumu,KISUMU,County,1061224,511739,549465,524515,49.4%,252715,49.4%,271786,49.5%,253426,23.9%,139088,27.2%,114331,20.8%,133434,12.6%,74969,14.6%,58463,10.6%,155704,133057,17208,147117,137869,6522,48.2%,51.8%,-0.1%,6.4%,4.0%,13.9%,13.0%,0.6%,13.0%,0.6%
Kisumu,KISUMU EAST,SubCounty,202479,99157,103318,109698,54.2%,54850,55.3%,54845,53.1%,58879,29.1%,32495,32.8%,26383,25.5%,29987,14.8%,16911,17.1%,13076,12.7%,12358,9778,2326,16348,14807,1192,49.0%,51.0%,2.2%,7.2%,4.4%,8.1%,7.3%,0.6%,7.3%,0.6%
Kisumu,KISUMU CENTRAL,SubCounty,158191,75722,82465,97762,61.8%,47358,62.5%,50402,61.1%,69939,44.2%,35949,47.5%,33988,41.2%,41096,26.0%,22008,29.1%,19087,23.1%,3179,1935,1185,4157,3144,888,47.9%,52.1%,1.4%,6.3%,5.9%,2.6%,2.0%,0.6%,2.0%,0.6%
Kisumu,KISUMU WEST,SubCounty,157473,76922,80548,78440,49.8%,38598,50.2%,39839,49.5%,37566,23.9%,21267,27.6%,16298,20.2%,21037,13.4%,12148,15.8%,8889,11.0%,14103,13349,683,23207,22379,548,48.8%,51.2%,0.7%,7.4%,4.8%,14.7%,14.2%,0.3%,14.2%,0.3%
Kisumu,SEME,SubCounty,112594,53097,59495,48931,43.5%,22024,41.5%,26906,45.2%,16203,14.4%,9129,17.2%,7073,11.9%,7583,6.7%,4352,8.2%,3230,5.4%,17096,16650,286,24014,23400,287,47.2%,52.8%,-3.7%,5.3%,2.8%,21.3%,20.8%,0.3%,20.8%,0.3%
Kisumu,MUHORONI,SubCounty,141120,69743,71376,61248,43.4%,31037,44.5%,30211,42.3%,21854,15.5%,13071,18.7%,8783,12.3%,10428,7.4%,6190,8.9%,4238,5.9%,44439,30514,9587,26368,24430,1563,49.4%,50.6%,2.2%,6.4%,2.9%,18.7%,17.3%,1.1%,17.3%,1.1%
Kisumu,NYANDO,SubCounty,149436,71048,78383,67104,44.9%,31157,43.9%,35943,45.9%,26699,17.9%,14708,20.7%,11989,15.3%,12813,8.6%,7301,10.3%,5512,7.0%,41961,39097,2565,26570,24191,1673,47.5%,52.5%,-2.0%,5.4%,3.2%,17.8%,16.2%,1.1%,16.2%,1.1%
Kisumu,NYAKACH,SubCounty,139931,66050,73880,61332,43.8%,27691,41.9%,33640,45.5%,22286,15.9%,12469,18.9%,9817,13.3%,10490,7.5%,6059,9.2%,4431,6.0%,22569,21733,576,26453,25518,371,47.2%,52.8%,-3.6%,5.6%,3.2%,18.9%,18.2%,0.3%,18.2%,0.3%
Homa Bay,HOMA BAY,County,1037468,491680,545768,426084,41.1%,199666,40.6%,226407,41.5%,157625,15.2%,90677,18.4%,66942,12.3%,70162,6.8%,41789,8.5%,28371,5.2%,275681,263463,8853,193812,186793,4663,47.4%,52.6%,-0.9%,6.2%,3.3%,18.7%,18.0%,0.4%,18.0%,0.4%
Homa Bay,HOMA BAY,SubCounty,106961,50299,56661,50211,46.9%,23654,47.0%,26556,46.9%,23393,21.9%,12944,25.7%,10448,18.4%,12197,11.4%,6989,13.9%,5207,9.2%,43749,42280,1328,16401,15447,734,47.0%,53.0%,0.2%,7.3%,4.7%,15.3%,14.4%,0.7%,14.4%,0.7%
Homa Bay,NDHIWA,SubCounty,198409,93863,104539,72567,36.6%,34973,37.3%,37591,36.0%,22435,11.3%,13601,14.5%,8833,8.4%,8868,4.5%,5500,5.9%,3367,3.2%,50873,48649,1921,40976,39886,834,47.3%,52.7%,1.3%,6.0%,2.6%,20.7%,20.1%,0.4%,20.1%,0.4%
Homa Bay,RACHUONYO NORTH,SubCounty,165147,78464,86679,71012,43.0%,32653,41.6%,38356,44.3%,24220,14.7%,13944,17.8%,10274,11.9%,11072,6.7%,6663,8.5%,4409,5.1%,31407,30124,1119,32414,31382,623,47.5%,52.5%,-2.6%,5.9%,3.4%,19.6%,19.0%,0.4%,19.0%,0.4%
Homa Bay,RACHUONYO EAST,SubCounty,112267,52912,59353,45922,40.9%,20829,39.4%,25092,42.3%,16195,14.4%,9144,17.3%,7050,11.9%,7065,6.3%,4167,7.9%,2898,4.9%,34535,33686,751,23388,22769,381,47.1%,52.9%,-2.9%,5.4%,3.0%,20.8%,20.3%,0.3%,20.3%,0.3%
Homa Bay,RACHUONYO SOUTH,SubCounty,120330,56383,63947,52276,43.4%,23768,42.2%,28508,44.6%,20941,17.4%,11513,20.4%,9428,14.7%,9248,7.7%,5407,9.6%,3841,6.0%,33675,32867,686,23419,22817,405,46.9%,53.1%,-2.4%,5.7%,3.6%,19.5%,19.0%,0.3%,19.0%,0.3%
Homa Bay,RANGWE,SubCounty,108345,50653,57689,42482,39.2%,19103,37.7%,23379,40.5%,15654,14.4%,8826,17.4%,6828,11.8%,6691,6.2%,3927,7.8%,2764,4.8%,19193,18430,533,22145,21526,386,46.8%,53.2%,-2.8%,5.6%,3.0%,20.4%,19.9%,0.4%,19.9%,0.4%
Homa Bay,SUBA NORTH,SubCounty,114461,55323,59137,49131,42.9%,23822,43.1%,25308,42.8%,20600,18.0%,12091,21.9%,8508,14.4%,9533,8.3%,5765,10.4%,3768,6.4%,25609,23865,1337,17645,16470,706,48.3%,51.7%,0.3%,7.5%,4.0%,15.4%,14.4%,0.6%,14.4%,0.6%
Homa Bay,SUBA SOUTH,SubCounty,111548,53783,57763,42483,38.1%,20864,38.8%,21617,37.4%,14187,12.7%,8614,16.0%,5573,9.6%,5488,4.9%,3371,6.3%,2117,3.7%,36642,33564,1178,17424,16496,594,48.2%,51.8%,1.4%,6.4%,2.6%,15.6%,14.8%,0.5%,14.8%,0.5%
Migori,MIGORI,County,1016399,486357,530012,381265,37.5%,187805,38.6%,193454,36.5%,145208,14.3%,85341,17.5%,59865,11.3%,62426,6.1%,37031,7.6%,25395,4.8%,232711,215644,14196,169958,160482,6928,47.9%,52.1%,2.1%,6.3%,2.8%,16.7%,15.8%,0.7%,15.8%,0.7%
Migori,AWENDO,SubCounty,107090,51345,55743,44514,41.6%,21823,42.5%,22690,40.7%,17002,15.9%,10180,19.8%,6822,12.2%,7904,7.4%,4774,9.3%,3130,5.6%,21225,19592,1468,20101,19065,845,47.9%,52.1%,1.8%,7.6%,3.7%,18.8%,17.8%,0.8%,17.8%,0.8%
Migori,KURIA EAST,SubCounty,88045,42653,45385,26355,29.9%,13306,31.2%,13049,28.8%,9524,10.8%,5787,13.6%,3737,8.2%,3877,4.4%,2373,5.6%,1504,3.3%,17962,16737,1053,14610,13923,494,48.4%,51.5%,2.4%,5.3%,2.2%,16.6%,15.8%,0.6%,15.8%,0.6%
Migori,KURIA WEST,SubCounty,189956,92003,97947,61391,32.3%,32022,34.8%,29368,30.0%,24267,12.8%,14421,15.7%,9846,10.1%,9958,5.2%,5917,6.4%,4041,4.1%,43214,37476,5443,28212,25758,2053,48.4%,51.6%,4.8%,5.6%,2.3%,14.9%,13.6%,1.1%,13.6%,1.1%
Migori,NYATIKE,SubCounty,159883,75746,84130,59957,37.5%,28909,38.2%,31047,36.9%,19558,12.2%,12035,15.9%,7523,8.9%,7365,4.6%,4572,6.0%,2793,3.3%,49595,46628,1289,26354,24593,832,47.4%,52.6%,1.3%,6.9%,2.7%,16.5%,15.4%,0.5%,15.4%,0.5%
Migori,RONGO,SubCounty,114373,54154,60218,48385,42.3%,22916,42.3%,25469,42.3%,20094,17.6%,11293,20.9%,8801,14.6%,9875,8.6%,5655,10.4%,4220,7.0%,19835,18718,1043,19910,19179,563,47.3%,52.7%,0.0%,6.2%,3.4%,17.4%,16.8%,0.5%,16.8%,0.5%
Migori,SUNA EAST,SubCounty,111811,53380,58428,47096,42.1%,22924,42.9%,24171,41.4%,19636,17.6%,11257,21.1%,8378,14.3%,9081,8.1%,5191,9.7%,3890,6.7%,22247,21089,1062,18705,17912,638,47.7%,52.3%,1.6%,6.7%,3.1%,16.7%,16.0%,0.6%,16.0%,0.6%
Migori,SUNA WEST,SubCounty,115745,54921,60823,45983,39.7%,22498,41.0%,23484,38.6%,19051,16.5%,10745,19.6%,8305,13.7%,8317,7.2%,4829,8.8%,3488,5.7%,23379,22128,1038,17050,16259,501,47.4%,52.5%,2.4%,5.9%,3.1%,14.7%,14.0%,0.4%,14.0%,0.4%
Migori,URIRI,SubCounty,129496,62155,67338,47584,36.7%,23407,37.7%,24176,35.9%,16076,12.4%,9623,15.5%,6453,9.6%,6049,4.7%,3720,6.0%,2329,3.5%,35254,33276,1801,25016,23793,1002,48.0%,52.0%,1.8%,5.9%,2.5%,19.3%,18.4%,0.8%,18.4%,0.8%
Kisii,KISII,County,1179067,561241,617793,516635,43.8%,240834,42.9%,275786,44.6%,188888,16.0%,107428,19.1%,81453,13.2%,92025,7.8%,53238,9.5%,38782,6.3%,165068,154291,9494,219853,210045,7981,47.6%,52.4%,-1.7%,6.0%,3.2%,18.6%,17.8%,0.7%,17.8%,0.7%
Kisii,ETAGO,SubCounty,78104,37316,40785,29794,38.1%,14188,38.0%,15605,38.3%,8625,11.0%,5200,13.9%,3424,8.4%,3725,4.8%,2261,6.1%,1463,3.6%,13465,12542,874,15099,14300,699,47.8%,52.2%,-0.2%,5.5%,2.5%,19.3%,18.3%,0.9%,18.3%,0.9%
Kisii,GUCHA,SubCounty,77635,36552,41082,33000,42.5%,15085,41.3%,17915,43.6%,12159,15.7%,6815,18.6%,5344,13.0%,6367,8.2%,3620,9.9%,2747,6.7%,10311,9515,600,15067,14351,604,47.1%,52.9%,-2.3%,5.6%,3.2%,19.4%,18.5%,0.8%,18.5%,0.8%
Kisii,GUCHA SOUTH,SubCounty,77984,37202,40779,31460,40.3%,14687,39.5%,16772,41.1%,10281,13.2%,6051,16.3%,4229,10.4%,5085,6.5%,2995,8.1%,2090,5.1%,11850,11235,572,15386,14836,455,47.7%,52.3%,-1.6%,5.9%,2.9%,19.7%,19.0%,0.6%,19.0%,0.6%
Kisii,KENYENYA,SubCounty,122925,58489,64434,51866,42.2%,23700,40.5%,28166,43.7%,15998,13.0%,9279,15.9%,6719,10.4%,6857,5.6%,3995,6.8%,2862,4.4%,16219,15406,745,23613,22794,603,47.6%,52.4%,-3.2%,5.4%,2.4%,19.2%,18.5%,0.5%,18.5%,0.5%
Kisii,KISII CENTRAL,SubCounty,153169,73940,79226,77633,50.7%,37051,50.1%,40579,51.2%,36585,23.9%,20230,27.4%,16354,20.6%,19583,12.8%,11113,15.0%,8469,10.7%,18011,15935,1814,24658,22792,1572,48.3%,51.7%,-1.1%,6.7%,4.3%,16.1%,14.9%,1.0%,14.9%,1.0%
Kisii,KISII SOUTH,SubCounty,126037,59998,66034,51323,40.7%,24594,41.0%,26728,40.5%,18760,14.9%,10792,18.0%,7968,12.1%,8678,6.9%,5024,8.4%,3654,5.5%,19355,17953,1108,22532,21561,775,47.6%,52.4%,0.5%,5.9%,2.8%,17.9%,17.1%,0.6%,17.1%,0.6%
Kisii,KITUTU CENTRAL,SubCounty,143117,68958,74154,69863,48.8%,33839,49.1%,36020,48.6%,35265,24.6%,19207,27.9%,16055,21.7%,18562,13.0%,10307,14.9%,8253,11.1%,13238,11748,1419,20197,18894,1081,48.2%,51.8%,0.5%,6.2%,3.8%,14.1%,13.2%,0.8%,13.2%,0.8%
Kisii,MARANI,SubCounty,100436,47090,53345,42225,42.0%,18873,40.1%,23352,43.8%,11969,11.9%,7021,14.9%,4948,9.3%,5634,5.6%,3351,7.1%,2282,4.3%,13570,13049,418,21857,21258,445,46.9%,53.1%,-3.7%,5.6%,2.8%,21.8%,21.2%,0.4%,21.2%,0.4%
Kisii,MASABA SOUTH,SubCounty,114613,54167,60442,50230,43.8%,22627,41.8%,27602,45.7%,14865,13.0%,8656,16.0%,6208,10.3%,6857,6.0%,4105,7.6%,2752,4.6%,18794,18054,651,23932,23197,527,47.3%,52.7%,-3.9%,5.7%,3.0%,20.9%,20.2%,0.5%,20.2%,0.5%
Kisii,NYAMACHE,SubCounty,122459,57910,64547,52642,43.0%,23878,41.2%,28762,44.6%,16225,13.2%,9353,16.2%,6872,10.6%,7046,5.8%,4269,7.4%,2777,4.3%,19402,18587,729,24952,24153,644,47.3%,52.7%,-3.3%,5.5%,3.1%,20.4%,19.7%,0.5%,19.7%,0.5%
Kisii,SAMETA,SubCounty,62588,29619,32965,26599,42.5%,12312,41.6%,14285,43.3%,8156,13.0%,4824,16.3%,3332,10.1%,3631,5.8%,2198,7.4%,1433,4.3%,10856,10268,563,12560,11909,576,47.3%,52.7%,-1.8%,6.2%,3.1%,20.1%,19.0%,0.9%,19.0%,0.9%
Nyamira,NYAMIRA,County,566741,271344,295385,257227,45.4%,119533,44.1%,137692,46.6%,90354,15.9%,51409,18.9%,38945,13.2%,42183,7.4%,24562,9.1%,17621,6.0%,82551,76896,5015,110028,104355,4586,47.9%,52.1%,-2.6%,5.8%,3.1%,19.4%,18.4%,0.8%,18.4%,0.8%
Nyamira,BORABU,SubCounty,68779,34446,34333,33826,49.2%,16692,48.5%,17134,49.9%,13648,19.8%,7801,22.6%,5847,17.0%,6632,9.6%,3857,11.2%,2775,8.1%,13174,11519,1455,10890,9897,829,50.1%,49.9%,-1.4%,5.6%,3.1%,15.8%,14.4%,1.2%,14.4%,1.2%
Nyamira,MANGA,SubCounty,88406,41976,46428,40638,46.0%,18738,44.6%,21900,47.2%,13535,15.3%,7792,18.6%,5743,12.4%,5992,6.8%,3480,8.3%,2512,5.4%,12386,11876,433,18096,17420,500,47.5%,52.5%,-2.5%,6.2%,2.9%,20.5%,19.7%,0.6%,19.7%,0.6%
Nyamira,MASABA NORTH,SubCounty,104344,49088,55254,47862,45.9%,21623,44.0%,26239,47.5%,16755,16.1%,9583,19.5%,7172,13.0%,7588,7.3%,4420,9.0%,3168,5.7%,14495,13778,617,20678,19937,567,47.0%,53.0%,-3.4%,6.5%,3.3%,19.8%,19.1%,0.5%,19.1%,0.5%
Nyamira,NYAMIRA NORTH,SubCounty,156770,75072,81693,67996,43.4%,31590,42.1%,36405,44.6%,21089,13.5%,12178,16.2%,8911,10.9%,10319,6.6%,6065,8.1%,4254,5.2%,23213,21945,1128,31900,30505,1103,47.9%,52.1%,-2.5%,5.3%,2.9%,20.3%,19.5%,0.7%,19.5%,0.7%
Nyamira,NYAMIRA SOUTH,SubCounty,148442,70762,77677,66905,45.1%,30890,43.7%,36014,46.4%,25327,17.1%,14055,19.9%,11272,14.5%,11652,7.8%,6740,9.5%,4912,6.3%,19283,17778,1382,28464,26596,1587,47.7%,52.3%,-2.7%,5.4%,3.2%,19.2%,17.9%,1.1%,17.9%,1.1%
Nairobi,"NAIROBI CITY",County,4010447,1986852,2023404,2772719,69.1%,1392497,70.1%,1380088,68.2%,2100763,52.4%,1098800,55.3%,1001864,49.5%,1124363,28.0%,612850,30.8%,511455,25.3%,34905,10822,6021,32258,24030,6956,49.5%,50.5%,1.9%,5.8%,5.6%,0.8%,0.6%,0.2%,0.6%,0.2%
Nairobi,DAGORETTI,SubCounty,398369,199539,198804,270753,68.0%,138103,69.2%,132632,66.7%,188630,47.4%,101942,51.1%,86674,43.6%,93735,23.5%,52886,26.5%,40841,20.5%,2429,1674,626,5691,4364,1124,50.1%,49.9%,2.5%,7.5%,6.0%,1.4%,1.1%,0.3%,1.1%,0.3%
Nairobi,EMBAKASI,SubCounty,904247,449669,454540,634778,70.2%,321225,71.4%,313532,69.0%,502164,55.5%,263960,58.7%,238186,52.4%,272166,30.1%,149225,33.2%,122932,27.0%,19192,1284,796,3224,2207,851,49.7%,50.3%,2.5%,6.3%,6.1%,0.4%,0.2%,0.1%,0.2%,0.1%
Nairobi,KAMUKUNJI,SubCounty,242507,122131,120369,157219,64.8%,80627,66.0%,76586,63.6%,115467,47.6%,61739,50.6%,53724,44.6%,41640,17.2%,24208,19.8%,17430,14.5%,387,149,111,459,299,130,50.4%,49.6%,2.4%,5.9%,5.3%,0.2%,0.1%,0.1%,0.1%,0.1%
Nairobi,KASARANI,SubCounty,710889,344378,366478,491651,69.2%,239367,69.5%,252263,68.8%,379562,53.4%,193203,56.1%,186343,50.8%,205007,28.8%,111229,32.3%,93767,25.6%,3325,2003,1194,6136,4399,1507,48.4%,51.6%,0.7%,5.3%,6.7%,0.9%,0.6%,0.2%,0.6%,0.2%
Nairobi,KIBRA,SubCounty,169509,85815,83687,111720,65.9%,58062,67.7%,53652,64.1%,75392,44.5%,41154,48.0%,34233,40.9%,42385,25.0%,23261,27.1%,19121,22.8%,478,263,199,737,507,184,50.6%,49.4%,3.5%,7.1%,4.3%,0.4%,0.3%,0.1%,0.3%,0.1%
Nairobi,LANG'ATA,SubCounty,180488,87399,93081,134897,74.7%,65416,74.8%,69476,74.6%,118899,65.9%,58595,67.0%,60302,64.8%,86477,47.9%,43504,49.8%,42972,46.2%,1090,621,430,1712,1319,304,48.4%,51.6%,0.2%,2.3%,3.6%,0.9%,0.7%,0.2%,0.7%,0.2%
Nairobi,MAKADARA,SubCounty,176283,89283,86991,126251,71.6%,64996,72.8%,61248,70.4%,92196,52.3%,49033,54.9%,43160,49.6%,47544,27.0%,26262,29.4%,21280,24.5%,293,150,131,639,436,173,50.6%,49.3%,2.4%,5.3%,5.0%,0.4%,0.2%,0.1%,0.2%,0.1%
Nairobi,MATHARE,SubCounty,188625,97147,91465,122056,64.7%,65520,67.4%,56524,61.8%,70295,37.3%,41412,42.6%,28877,31.6%,23989,12.7%,14838,15.3%,9147,10.0%,567,370,174,735,461,215,51.5%,48.5%,5.6%,11.1%,5.3%,0.4%,0.2%,0.1%,0.2%,0.1%
Nairobi,NJIRU,SubCounty,573474,280310,293137,377259,65.8%,185710,66.3%,191531,65.3%,269869,47.1%,139682,49.8%,130174,44.4%,128093,22.3%,70897,25.3%,57190,19.5%,4865,3367,1293,10642,8356,1962,48.9%,51.1%,0.9%,5.4%,5.8%,1.9%,1.5%,0.3%,1.5%,0.3%
Nairobi,STAREHE,SubCounty,182149,90480,91660,131259,72.1%,65980,72.9%,65270,71.2%,107513,59.0%,55484,61.3%,52021,56.8%,59704,32.8%,32417,35.8%,27282,29.8%,614,224,178,483,339,121,49.7%,50.3%,1.7%,4.6%,6.1%,0.3%,0.2%,0.1%,0.2%,0.1%
Nairobi,WESTLANDS,SubCounty,283907,140701,143192,214876,75.7%,107491,76.4%,107374,75.0%,180776,63.7%,92596,65.8%,88170,61.6%,123623,43.5%,64123,45.6%,59493,41.5%,1667,717,890,1800,1343,385,49.6%,50.4%,1.4%,4.2%,4.0%,0.6%,0.5%,0.1%,0.5%,0.1%
